friendlier_id,reference_type,distribution_url,label
2dnv-3zhz,documentation_external,https://data.bloomington.in.gov/d/2dnv-3zhz,
2z3a-pv4d,documentation_external,https://data.bloomington.in.gov/d/2z3a-pv4d,
37cr-hskz,documentation_external,https://data.bloomington.in.gov/d/37cr-hskz,
37fk-f9fn,documentation_external,https://data.bloomington.in.gov/d/37fk-f9fn,
3a4p-5rca,documentation_external,https://data.bloomington.in.gov/d/3a4p-5rca,
3pgq-dbni,documentation_external,https://data.bloomington.in.gov/d/3pgq-dbni,
3zab-yq4z,documentation_external,https://data.bloomington.in.gov/d/3zab-yq4z,
4ez4-mguv,documentation_external,https://data.bloomington.in.gov/d/4ez4-mguv,
4npn-ujt9,documentation_external,https://data.bloomington.in.gov/d/4npn-ujt9,
59er-4n3f,documentation_external,https://data.bloomington.in.gov/d/59er-4n3f,
668t-jg2w,documentation_external,https://data.bloomington.in.gov/d/668t-jg2w,
6nix-hfgf,documentation_external,https://data.bloomington.in.gov/d/6nix-hfgf,
6y6u-a7ke,documentation_external,https://data.bloomington.in.gov/d/6y6u-a7ke,
7nrn-cv4c,documentation_external,https://data.bloomington.in.gov/d/7nrn-cv4c,
7xda-miz5,documentation_external,https://data.bloomington.in.gov/d/7xda-miz5,
7xga-b2w7,documentation_external,https://data.bloomington.in.gov/d/7xga-b2w7,
7xsy-cpc8,documentation_external,https://data.bloomington.in.gov/d/7xsy-cpc8,
8yia-fgp6,documentation_external,https://data.bloomington.in.gov/d/8yia-fgp6,
9bzi-jstz,documentation_external,https://data.bloomington.in.gov/d/9bzi-jstz,
apcz-492v,documentation_external,https://data.bloomington.in.gov/d/apcz-492v,
b8yb-iwu6,documentation_external,https://data.bloomington.in.gov/d/b8yb-iwu6,
bb3b-6hg6,documentation_external,https://data.bloomington.in.gov/d/bb3b-6hg6,
bbv8-zsj5,documentation_external,https://data.bloomington.in.gov/d/bbv8-zsj5,
bik6-u9s9,documentation_external,https://data.bloomington.in.gov/d/bik6-u9s9,
bk7e-xkzb,documentation_external,https://data.bloomington.in.gov/d/bk7e-xkzb,
c2bx-gh32,documentation_external,https://data.bloomington.in.gov/d/c2bx-gh32,
c5d5-eci9,documentation_external,https://data.bloomington.in.gov/d/c5d5-eci9,
dkff-vpm7,documentation_external,https://data.bloomington.in.gov/d/dkff-vpm7,
du2g-dxvr,documentation_external,https://data.bloomington.in.gov/d/du2g-dxvr,
dwr9-4gq9,documentation_external,https://data.bloomington.in.gov/d/dwr9-4gq9,
fmtq-ct5d,documentation_external,https://data.bloomington.in.gov/d/fmtq-ct5d,
fvmi-seaw,documentation_external,https://data.bloomington.in.gov/d/fvmi-seaw,
gin2-kvms,documentation_external,https://data.bloomington.in.gov/d/gin2-kvms,
gwc4-7gv6,documentation_external,https://data.bloomington.in.gov/d/gwc4-7gv6,
gx4i-zcmv,documentation_external,https://data.bloomington.in.gov/d/gx4i-zcmv,
hxz9-33ng,documentation_external,https://data.bloomington.in.gov/d/hxz9-33ng,
hy7z-gbif,documentation_external,https://data.bloomington.in.gov/d/hy7z-gbif,
hzvr-vfib,documentation_external,https://data.bloomington.in.gov/d/hzvr-vfib,
ik6r-d5s3,documentation_external,https://data.bloomington.in.gov/d/ik6r-d5s3,
j9kp-gbih,documentation_external,https://data.bloomington.in.gov/d/j9kp-gbih,
k3y8-mq44,documentation_external,https://data.bloomington.in.gov/d/k3y8-mq44,
k8i5-2hnd,documentation_external,https://data.bloomington.in.gov/d/k8i5-2hnd,
m5rk-rvb5,documentation_external,https://data.bloomington.in.gov/d/m5rk-rvb5,
n2dh-7dkd,documentation_external,https://data.bloomington.in.gov/d/n2dh-7dkd,
ndfd-h5qf,documentation_external,https://data.bloomington.in.gov/d/ndfd-h5qf,
nxki-ixsg,documentation_external,https://data.bloomington.in.gov/d/nxki-ixsg,
qbif-c7j6,documentation_external,https://data.bloomington.in.gov/d/qbif-c7j6,
qihw-i7qp,documentation_external,https://data.bloomington.in.gov/d/qihw-i7qp,
r3zv-5pii,documentation_external,https://data.bloomington.in.gov/d/r3zv-5pii,
r8ed-praf,documentation_external,https://data.bloomington.in.gov/d/r8ed-praf,
rey9-3gmi,documentation_external,https://data.bloomington.in.gov/d/rey9-3gmi,
rfjb-wwxv,documentation_external,https://data.bloomington.in.gov/d/rfjb-wwxv,
rhme-2upn,documentation_external,https://data.bloomington.in.gov/d/rhme-2upn,
s3cs-my2d,documentation_external,https://data.bloomington.in.gov/d/s3cs-my2d,
sa9c-n6hi,documentation_external,https://data.bloomington.in.gov/d/sa9c-n6hi,
samh-99bv,documentation_external,https://data.bloomington.in.gov/d/samh-99bv,
sbby-5r4b,documentation_external,https://data.bloomington.in.gov/d/sbby-5r4b,
sd79-67aw,documentation_external,https://data.bloomington.in.gov/d/sd79-67aw,
t4vk-k9jk,documentation_external,https://data.bloomington.in.gov/d/t4vk-k9jk,
ti99-e97f,documentation_external,https://data.bloomington.in.gov/d/ti99-e97f,
u99b-cpd2,documentation_external,https://data.bloomington.in.gov/d/u99b-cpd2,
urv7-nmc7,documentation_external,https://data.bloomington.in.gov/d/urv7-nmc7,
uyni-jugj,documentation_external,https://data.bloomington.in.gov/d/uyni-jugj,
x2pg-vc7y,documentation_external,https://data.bloomington.in.gov/d/x2pg-vc7y,
x8s7-g7v5,documentation_external,https://data.bloomington.in.gov/d/x8s7-g7v5,
xct4-utqa,documentation_external,https://data.bloomington.in.gov/d/xct4-utqa,
xt8f-c7zc,documentation_external,https://data.bloomington.in.gov/d/xt8f-c7zc,
ycwg-aqvm,documentation_external,https://data.bloomington.in.gov/d/ycwg-aqvm,
yh5b-wn98,documentation_external,https://data.bloomington.in.gov/d/yh5b-wn98,
ymp5-yvgv,documentation_external,https://data.bloomington.in.gov/d/ymp5-yvgv,
yqye-sgx5,documentation_external,https://data.bloomington.in.gov/d/yqye-sgx5,
22bv-uv6r,documentation_external,https://data.cityofchicago.org/d/22bv-uv6r,
24zt-jpfn,documentation_external,https://data.cityofchicago.org/d/24zt-jpfn,
28km-gtjn,documentation_external,https://data.cityofchicago.org/d/28km-gtjn,
2b73-3uqk,documentation_external,https://data.cityofchicago.org/d/2b73-3uqk,
2d4k-r48m,documentation_external,https://data.cityofchicago.org/d/2d4k-r48m,
2h6e-2yk6,documentation_external,https://data.cityofchicago.org/d/2h6e-2yk6,
2nqp-b84f,documentation_external,https://data.cityofchicago.org/d/2nqp-b84f,
2xxm-9stc,documentation_external,https://data.cityofchicago.org/d/2xxm-9stc,
36ke-zb8q,documentation_external,https://data.cityofchicago.org/d/36ke-zb8q,
3cpd-5xpf,documentation_external,https://data.cityofchicago.org/d/3cpd-5xpf,
3pjd-kfu4,documentation_external,https://data.cityofchicago.org/d/3pjd-kfu4,
3tu3-iesz,documentation_external,https://data.cityofchicago.org/d/3tu3-iesz,
3uru-3mr4,documentation_external,https://data.cityofchicago.org/d/3uru-3mr4,
3zsw-bmta,documentation_external,https://data.cityofchicago.org/d/3zsw-bmta,
48tf-ubnt,documentation_external,https://data.cityofchicago.org/d/48tf-ubnt,
4dt9-88ua,documentation_external,https://data.cityofchicago.org/d/4dt9-88ua,
4eti-3yvi,documentation_external,https://data.cityofchicago.org/d/4eti-3yvi,
4f4y-iybg,documentation_external,https://data.cityofchicago.org/d/4f4y-iybg,
4hp8-2i8z,documentation_external,https://data.cityofchicago.org/d/4hp8-2i8z,
4kfz-zr3a,documentation_external,https://data.cityofchicago.org/d/4kfz-zr3a,
4m25-hh4h,documentation_external,https://data.cityofchicago.org/d/4m25-hh4h,
4rqm-6f79,documentation_external,https://data.cityofchicago.org/d/4rqm-6f79,
4ya3-7e6m,documentation_external,https://data.cityofchicago.org/d/4ya3-7e6m,
55e9-8pfn,documentation_external,https://data.cityofchicago.org/d/55e9-8pfn,
5abf-pw4b,documentation_external,https://data.cityofchicago.org/d/5abf-pw4b,
5gv8-ktcg,documentation_external,https://data.cityofchicago.org/d/5gv8-ktcg,
5ihw-cbdn,documentation_external,https://data.cityofchicago.org/d/5ihw-cbdn,
5jxm-363n,documentation_external,https://data.cityofchicago.org/d/5jxm-363n,
5mbh-yu9n,documentation_external,https://data.cityofchicago.org/d/5mbh-yu9n,
5msb-wbxn,documentation_external,https://data.cityofchicago.org/d/5msb-wbxn,
5ngg-ve6h,documentation_external,https://data.cityofchicago.org/d/5ngg-ve6h,
5wzj-gzmw,documentation_external,https://data.cityofchicago.org/d/5wzj-gzmw,
5xt8-wz7f,documentation_external,https://data.cityofchicago.org/d/5xt8-wz7f,
65ce-agii,documentation_external,https://data.cityofchicago.org/d/65ce-agii,
67w7-2rqi,documentation_external,https://data.cityofchicago.org/d/67w7-2rqi,
68qb-86ib,documentation_external,https://data.cityofchicago.org/d/68qb-86ib,
68rq-5b3g,documentation_external,https://data.cityofchicago.org/d/68rq-5b3g,
6ak8-s6i7,documentation_external,https://data.cityofchicago.org/d/6ak8-s6i7,
6cqn-9xd5,documentation_external,https://data.cityofchicago.org/d/6cqn-9xd5,
6evd-yiph,documentation_external,https://data.cityofchicago.org/d/6evd-yiph,
6mw6-krd4,documentation_external,https://data.cityofchicago.org/d/6mw6-krd4,
6piy-vbxa,documentation_external,https://data.cityofchicago.org/d/6piy-vbxa,
6pkd-zfe4,documentation_external,https://data.cityofchicago.org/d/6pkd-zfe4,
6vwv-x7nk,documentation_external,https://data.cityofchicago.org/d/6vwv-x7nk,
72b6-8fe8,documentation_external,https://data.cityofchicago.org/d/72b6-8fe8,
74p9-q2aq,documentation_external,https://data.cityofchicago.org/d/74p9-q2aq,
75e5-35kf,documentation_external,https://data.cityofchicago.org/d/75e5-35kf,
77cn-6x4c,documentation_external,https://data.cityofchicago.org/d/77cn-6x4c,
7ah2-brjg,documentation_external,https://data.cityofchicago.org/d/7ah2-brjg,
7ez8-272k,documentation_external,https://data.cityofchicago.org/d/7ez8-272k,
7nh7-nkau,documentation_external,https://data.cityofchicago.org/d/7nh7-nkau,
7rj8-26fg,documentation_external,https://data.cityofchicago.org/d/7rj8-26fg,
7xqa-efsz,documentation_external,https://data.cityofchicago.org/d/7xqa-efsz,
8ak6-a24r,documentation_external,https://data.cityofchicago.org/d/8ak6-a24r,
8dsi-desh,documentation_external,https://data.cityofchicago.org/d/8dsi-desh,
8ec2-eaj2,documentation_external,https://data.cityofchicago.org/d/8ec2-eaj2,
8k6e-w34s,documentation_external,https://data.cityofchicago.org/d/8k6e-w34s,
8mcs-gt4w,documentation_external,https://data.cityofchicago.org/d/8mcs-gt4w,
8q7s-ex28,documentation_external,https://data.cityofchicago.org/d/8q7s-ex28,
8sr3-izx5,documentation_external,https://data.cityofchicago.org/d/8sr3-izx5,
94tp-gppc,documentation_external,https://data.cityofchicago.org/d/94tp-gppc,
95e9-uzwt,documentation_external,https://data.cityofchicago.org/d/95e9-uzwt,
98wb-ks45,documentation_external,https://data.cityofchicago.org/d/98wb-ks45,
99tm-6k6i,documentation_external,https://data.cityofchicago.org/d/99tm-6k6i,
9fit-fndz,documentation_external,https://data.cityofchicago.org/d/9fit-fndz,
9p6u-2jwe,documentation_external,https://data.cityofchicago.org/d/9p6u-2jwe,
9pyj-tktt,documentation_external,https://data.cityofchicago.org/d/9pyj-tktt,
9rhq-32up,documentation_external,https://data.cityofchicago.org/d/9rhq-32up,
9saw-v2cz,documentation_external,https://data.cityofchicago.org/d/9saw-v2cz,
9vmg-9p8p,documentation_external,https://data.cityofchicago.org/d/9vmg-9p8p,
9wp7-iasj,documentation_external,https://data.cityofchicago.org/d/9wp7-iasj,
a3xm-ett9,documentation_external,https://data.cityofchicago.org/d/a3xm-ett9,
a9rt-upwk,documentation_external,https://data.cityofchicago.org/d/a9rt-upwk,
abk6-gwwr,documentation_external,https://data.cityofchicago.org/d/abk6-gwwr,
ahxu-atcv,documentation_external,https://data.cityofchicago.org/d/ahxu-atcv,
anck-gptm,documentation_external,https://data.cityofchicago.org/d/anck-gptm,
aq3f-cb5w,documentation_external,https://data.cityofchicago.org/d/aq3f-cb5w,
ard8-rcb7,documentation_external,https://data.cityofchicago.org/d/ard8-rcb7,
asie-aked,documentation_external,https://data.cityofchicago.org/d/asie-aked,
atcy-53hp,documentation_external,https://data.cityofchicago.org/d/atcy-53hp,
atza-xq2n,documentation_external,https://data.cityofchicago.org/d/atza-xq2n,
aupu-jt2g,documentation_external,https://data.cityofchicago.org/d/aupu-jt2g,
auur-f9g5,documentation_external,https://data.cityofchicago.org/d/auur-f9g5,
awxm-xcsz,documentation_external,https://data.cityofchicago.org/d/awxm-xcsz,
b256-p53y,documentation_external,https://data.cityofchicago.org/d/b256-p53y,
b9nd-8mvs,documentation_external,https://data.cityofchicago.org/d/b9nd-8mvs,
bat8-9fui,documentation_external,https://data.cityofchicago.org/d/bat8-9fui,
bcxz-rc3r,documentation_external,https://data.cityofchicago.org/d/bcxz-rc3r,
bmus-hp7e,documentation_external,https://data.cityofchicago.org/d/bmus-hp7e,
bs96-uama,documentation_external,https://data.cityofchicago.org/d/bs96-uama,
bt9m-d2mf,documentation_external,https://data.cityofchicago.org/d/bt9m-d2mf,
bud9-sp8g,documentation_external,https://data.cityofchicago.org/d/bud9-sp8g,
buma-fjbv,documentation_external,https://data.cityofchicago.org/d/buma-fjbv,
bvmw-x5d2,documentation_external,https://data.cityofchicago.org/d/bvmw-x5d2,
bwpt-y235,documentation_external,https://data.cityofchicago.org/d/bwpt-y235,
c2eu-s9td,documentation_external,https://data.cityofchicago.org/d/c2eu-s9td,
c4vt-4uy5,documentation_external,https://data.cityofchicago.org/d/c4vt-4uy5,
cbyb-69xx,documentation_external,https://data.cityofchicago.org/d/cbyb-69xx,
ch5p-gxrk,documentation_external,https://data.cityofchicago.org/d/ch5p-gxrk,
ciye-b75s,documentation_external,https://data.cityofchicago.org/d/ciye-b75s,
cmb2-8jw8,documentation_external,https://data.cityofchicago.org/d/cmb2-8jw8,
cmr6-dn8c,documentation_external,https://data.cityofchicago.org/d/cmr6-dn8c,
cnf7-yj5k,documentation_external,https://data.cityofchicago.org/d/cnf7-yj5k,
cqyw-9dbu,documentation_external,https://data.cityofchicago.org/d/cqyw-9dbu,
cs4s-nsna,documentation_external,https://data.cityofchicago.org/d/cs4s-nsna,
cwbp-97aa,documentation_external,https://data.cityofchicago.org/d/cwbp-97aa,
cwk8-zv7t,documentation_external,https://data.cityofchicago.org/d/cwk8-zv7t,
d2h8-2upd,documentation_external,https://data.cityofchicago.org/d/d2h8-2upd,
d3i8-zirn,documentation_external,https://data.cityofchicago.org/d/d3i8-zirn,
d5vw-2kcs,documentation_external,https://data.cityofchicago.org/d/d5vw-2kcs,
d6m3-6qzf,documentation_external,https://data.cityofchicago.org/d/d6m3-6qzf,
d8hd-y5ce,documentation_external,https://data.cityofchicago.org/d/d8hd-y5ce,
d95y-ue9h,documentation_external,https://data.cityofchicago.org/d/d95y-ue9h,
da2c-wnfg,documentation_external,https://data.cityofchicago.org/d/da2c-wnfg,
dbvs-iaa4,documentation_external,https://data.cityofchicago.org/d/dbvs-iaa4,
dfjs-8rrk,documentation_external,https://data.cityofchicago.org/d/dfjs-8rrk,
dgq3-i7xm,documentation_external,https://data.cityofchicago.org/d/dgq3-i7xm,
di8g-4wjz,documentation_external,https://data.cityofchicago.org/d/di8g-4wjz,
ds8w-gykc,documentation_external,https://data.cityofchicago.org/d/ds8w-gykc,
dw5c-9g79,documentation_external,https://data.cityofchicago.org/d/dw5c-9g79,
e7du-96jw,documentation_external,https://data.cityofchicago.org/d/e7du-96jw,
ebii-vbpi,documentation_external,https://data.cityofchicago.org/d/ebii-vbpi,
eg5e-qm3q,documentation_external,https://data.cityofchicago.org/d/eg5e-qm3q,
ehih-tkar,documentation_external,https://data.cityofchicago.org/d/ehih-tkar,
eiv4-4c3n,documentation_external,https://data.cityofchicago.org/d/eiv4-4c3n,
eup8-xe3z,documentation_external,https://data.cityofchicago.org/d/eup8-xe3z,
ezsd-azyg,documentation_external,https://data.cityofchicago.org/d/ezsd-azyg,
fe34-kcci,documentation_external,https://data.cityofchicago.org/d/fe34-kcci,
feag-vjje,documentation_external,https://data.cityofchicago.org/d/feag-vjje,
fnbk-bbi3,documentation_external,https://data.cityofchicago.org/d/fnbk-bbi3,
fr3e-nxk2,documentation_external,https://data.cityofchicago.org/d/fr3e-nxk2,
fuz2-7vqu,documentation_external,https://data.cityofchicago.org/d/fuz2-7vqu,
fvmt-if5n,documentation_external,https://data.cityofchicago.org/d/fvmt-if5n,
fxnt-b8ay,documentation_external,https://data.cityofchicago.org/d/fxnt-b8ay,
fyff-53xy,documentation_external,https://data.cityofchicago.org/d/fyff-53xy,
g5sm-atjv,documentation_external,https://data.cityofchicago.org/d/g5sm-atjv,
gaak-qc7r,documentation_external,https://data.cityofchicago.org/d/gaak-qc7r,
gacm-z663,documentation_external,https://data.cityofchicago.org/d/gacm-z663,
gba7-ip5a,documentation_external,https://data.cityofchicago.org/d/gba7-ip5a,
gfnu-w3q6,documentation_external,https://data.cityofchicago.org/d/gfnu-w3q6,
ghu9-v7a9,documentation_external,https://data.cityofchicago.org/d/ghu9-v7a9,
gpzv-tfuc,documentation_external,https://data.cityofchicago.org/d/gpzv-tfuc,
gqgn-ekwj,documentation_external,https://data.cityofchicago.org/d/gqgn-ekwj,
h8qh-dq5s,documentation_external,https://data.cityofchicago.org/d/h8qh-dq5s,
haky-byup,documentation_external,https://data.cityofchicago.org/d/haky-byup,
hexd-c4gn,documentation_external,https://data.cityofchicago.org/d/hexd-c4gn,
hmfy-xsta,documentation_external,https://data.cityofchicago.org/d/hmfy-xsta,
hr9c-szde,documentation_external,https://data.cityofchicago.org/d/hr9c-szde,
htai-wnw4,documentation_external,https://data.cityofchicago.org/d/htai-wnw4,
hu6v-hsqb,documentation_external,https://data.cityofchicago.org/d/hu6v-hsqb,
hvv9-38ut,documentation_external,https://data.cityofchicago.org/d/hvv9-38ut,
i35c-ftqu,documentation_external,https://data.cityofchicago.org/d/i35c-ftqu,
i3nc-42da,documentation_external,https://data.cityofchicago.org/d/i3nc-42da,
i6bp-fvbx,documentation_external,https://data.cityofchicago.org/d/i6bp-fvbx,
i8fv-xe4b,documentation_external,https://data.cityofchicago.org/d/i8fv-xe4b,
i8xf-caea,documentation_external,https://data.cityofchicago.org/d/i8xf-caea,
i8y3-ytj4,documentation_external,https://data.cityofchicago.org/d/i8y3-ytj4,
i8zf-neai,documentation_external,https://data.cityofchicago.org/d/i8zf-neai,
i9fz-kj24,documentation_external,https://data.cityofchicago.org/d/i9fz-kj24,
i9q6-fx2v,documentation_external,https://data.cityofchicago.org/d/i9q6-fx2v,
icxs-hp99,documentation_external,https://data.cityofchicago.org/d/icxs-hp99,
igwz-8jzy,documentation_external,https://data.cityofchicago.org/d/igwz-8jzy,
im2a-is7h,documentation_external,https://data.cityofchicago.org/d/im2a-is7h,
is3f-j4ke,documentation_external,https://data.cityofchicago.org/d/is3f-j4ke,
it84-h78n,documentation_external,https://data.cityofchicago.org/d/it84-h78n,
ite8-ribp,documentation_external,https://data.cityofchicago.org/d/ite8-ribp,
ivsh-5css,documentation_external,https://data.cityofchicago.org/d/ivsh-5css,
ixxk-b6xq,documentation_external,https://data.cityofchicago.org/d/ixxk-b6xq,
iyec-2es5,documentation_external,https://data.cityofchicago.org/d/iyec-2es5,
izrr-3ixx,documentation_external,https://data.cityofchicago.org/d/izrr-3ixx,
j4pd-p6g6,documentation_external,https://data.cityofchicago.org/d/j4pd-p6g6,
j58c-hv2e,documentation_external,https://data.cityofchicago.org/d/j58c-hv2e,
j9ch-yf5i,documentation_external,https://data.cityofchicago.org/d/j9ch-yf5i,
jdsj-862i,documentation_external,https://data.cityofchicago.org/d/jdsj-862i,
je6f-7464,documentation_external,https://data.cityofchicago.org/d/je6f-7464,
jig5-yw7t,documentation_external,https://data.cityofchicago.org/d/jig5-yw7t,
jqxt-c6gd,documentation_external,https://data.cityofchicago.org/d/jqxt-c6gd,
juf9-y87b,documentation_external,https://data.cityofchicago.org/d/juf9-y87b,
jvps-6v8h,documentation_external,https://data.cityofchicago.org/d/jvps-6v8h,
k4dw-9agt,documentation_external,https://data.cityofchicago.org/d/k4dw-9agt,
k89j-m7yz,documentation_external,https://data.cityofchicago.org/d/k89j-m7yz,
k9yb-bpqx,documentation_external,https://data.cityofchicago.org/d/k9yb-bpqx,
kas8-436q,documentation_external,https://data.cityofchicago.org/d/kas8-436q,
kd6k-pxkv,documentation_external,https://data.cityofchicago.org/d/kd6k-pxkv,
kfqm-mn72,documentation_external,https://data.cityofchicago.org/d/kfqm-mn72,
knfe-65pw,documentation_external,https://data.cityofchicago.org/d/knfe-65pw,
kpim-yiyf,documentation_external,https://data.cityofchicago.org/d/kpim-yiyf,
kqmn-byj8,documentation_external,https://data.cityofchicago.org/d/kqmn-byj8,
kuh7-icv2,documentation_external,https://data.cityofchicago.org/d/kuh7-icv2,
kvm8-tw23,documentation_external,https://data.cityofchicago.org/d/kvm8-tw23,
m3d6-pubu,documentation_external,https://data.cityofchicago.org/d/m3d6-pubu,
m4mk-9bzx,documentation_external,https://data.cityofchicago.org/d/m4mk-9bzx,
m6ef-sjkj,documentation_external,https://data.cityofchicago.org/d/m6ef-sjkj,
m7h2-r4sq,documentation_external,https://data.cityofchicago.org/d/m7h2-r4sq,
m8sh-77wj,documentation_external,https://data.cityofchicago.org/d/m8sh-77wj,
mb74-gx3g,documentation_external,https://data.cityofchicago.org/d/mb74-gx3g,
mdn7-scnt,documentation_external,https://data.cityofchicago.org/d/mdn7-scnt,
mkjv-t4kt,documentation_external,https://data.cityofchicago.org/d/mkjv-t4kt,
mnq7-pv6v,documentation_external,https://data.cityofchicago.org/d/mnq7-pv6v,
mntu-576c,documentation_external,https://data.cityofchicago.org/d/mntu-576c,
mpdq-i9eh,documentation_external,https://data.cityofchicago.org/d/mpdq-i9eh,
mq3s-cgin,documentation_external,https://data.cityofchicago.org/d/mq3s-cgin,
msv2-rz76,documentation_external,https://data.cityofchicago.org/d/msv2-rz76,
mv87-m4mi,documentation_external,https://data.cityofchicago.org/d/mv87-m4mi,
mvv3-naxt,documentation_external,https://data.cityofchicago.org/d/mvv3-naxt,
mw69-m6xi,documentation_external,https://data.cityofchicago.org/d/mw69-m6xi,
mxm5-4jmw,documentation_external,https://data.cityofchicago.org/d/mxm5-4jmw,
n45m-yz4n,documentation_external,https://data.cityofchicago.org/d/n45m-yz4n,
n68k-a9ai,documentation_external,https://data.cityofchicago.org/d/n68k-a9ai,
n6dj-67h3,documentation_external,https://data.cityofchicago.org/d/n6dj-67h3,
n7ga-m3iw,documentation_external,https://data.cityofchicago.org/d/n7ga-m3iw,
n9it-hstw,documentation_external,https://data.cityofchicago.org/d/n9it-hstw,
ndp9-x4ic,documentation_external,https://data.cityofchicago.org/d/ndp9-x4ic,
negq-mr8b,documentation_external,https://data.cityofchicago.org/d/negq-mr8b,
nen3-vcxj,documentation_external,https://data.cityofchicago.org/d/nen3-vcxj,
nifi-zqag,documentation_external,https://data.cityofchicago.org/d/nifi-zqag,
njaf-gekg,documentation_external,https://data.cityofchicago.org/d/njaf-gekg,
nm24-d5en,documentation_external,https://data.cityofchicago.org/d/nm24-d5en,
npde-p22u,documentation_external,https://data.cityofchicago.org/d/npde-p22u,
nqm8-q2ym,documentation_external,https://data.cityofchicago.org/d/nqm8-q2ym,
nvke-umup,documentation_external,https://data.cityofchicago.org/d/nvke-umup,
p293-wvbd,documentation_external,https://data.cityofchicago.org/d/p293-wvbd,
p6te-hnk8,documentation_external,https://data.cityofchicago.org/d/p6te-hnk8,
p83k-txqt,documentation_external,https://data.cityofchicago.org/d/p83k-txqt,
p8va-airx,documentation_external,https://data.cityofchicago.org/d/p8va-airx,
pb6d-zzuh,documentation_external,https://data.cityofchicago.org/d/pb6d-zzuh,
pcqi-9rzu,documentation_external,https://data.cityofchicago.org/d/pcqi-9rzu,
pkd8-233g,documentation_external,https://data.cityofchicago.org/d/pkd8-233g,
pmh6-gzg6,documentation_external,https://data.cityofchicago.org/d/pmh6-gzg6,
pnta-kuqa,documentation_external,https://data.cityofchicago.org/d/pnta-kuqa,
pphg-3iz2,documentation_external,https://data.cityofchicago.org/d/pphg-3iz2,
ppjj-9kn7,documentation_external,https://data.cityofchicago.org/d/ppjj-9kn7,
pr57-gg9e,documentation_external,https://data.cityofchicago.org/d/pr57-gg9e,
pxug-u72f,documentation_external,https://data.cityofchicago.org/d/pxug-u72f,
q38j-zgre,documentation_external,https://data.cityofchicago.org/d/q38j-zgre,
q3ch-8uxj,documentation_external,https://data.cityofchicago.org/d/q3ch-8uxj,
q8wx-dznq,documentation_external,https://data.cityofchicago.org/d/q8wx-dznq,
qbbe-eqz7,documentation_external,https://data.cityofchicago.org/d/qbbe-eqz7,
qfap-4hr4,documentation_external,https://data.cityofchicago.org/d/qfap-4hr4,
qhfc-4cw2,documentation_external,https://data.cityofchicago.org/d/qhfc-4cw2,
qqq8-j68g,documentation_external,https://data.cityofchicago.org/d/qqq8-j68g,
qs94-jhf4,documentation_external,https://data.cityofchicago.org/d/qs94-jhf4,
qxjd-z277,documentation_external,https://data.cityofchicago.org/d/qxjd-z277,
r8j7-4p5r,documentation_external,https://data.cityofchicago.org/d/r8j7-4p5r,
r9q2-naq3,documentation_external,https://data.cityofchicago.org/d/r9q2-naq3,
rau8-hz9p,documentation_external,https://data.cityofchicago.org/d/rau8-hz9p,
rbvn-uw5j,documentation_external,https://data.cityofchicago.org/d/rbvn-uw5j,
rkur-ce6h,documentation_external,https://data.cityofchicago.org/d/rkur-ce6h,
rq9p-k3zy,documentation_external,https://data.cityofchicago.org/d/rq9p-k3zy,
ruca-brrd,documentation_external,https://data.cityofchicago.org/d/ruca-brrd,
ruvz-nczq,documentation_external,https://data.cityofchicago.org/d/ruvz-nczq,
rz5b-9nqb,documentation_external,https://data.cityofchicago.org/d/rz5b-9nqb,
s2in-k2mg,documentation_external,https://data.cityofchicago.org/d/s2in-k2mg,
s4fw-dcpr,documentation_external,https://data.cityofchicago.org/d/s4fw-dcpr,
s5am-iwmv,documentation_external,https://data.cityofchicago.org/d/s5am-iwmv,
s72g-kd5k,documentation_external,https://data.cityofchicago.org/d/s72g-kd5k,
sd36-arzm,documentation_external,https://data.cityofchicago.org/d/sd36-arzm,
se26-22jn,documentation_external,https://data.cityofchicago.org/d/se26-22jn,
seaj-3f23,documentation_external,https://data.cityofchicago.org/d/seaj-3f23,
sege-i4a9,documentation_external,https://data.cityofchicago.org/d/sege-i4a9,
sgsc-bb4n,documentation_external,https://data.cityofchicago.org/d/sgsc-bb4n,
sjp5-a3v5,documentation_external,https://data.cityofchicago.org/d/sjp5-a3v5,
sp5c-ihm9,documentation_external,https://data.cityofchicago.org/d/sp5c-ihm9,
spxm-tnai,documentation_external,https://data.cityofchicago.org/d/spxm-tnai,
syp8-uezg,documentation_external,https://data.cityofchicago.org/d/syp8-uezg,
t23v-rqxr,documentation_external,https://data.cityofchicago.org/d/t23v-rqxr,
t52q-6zfs,documentation_external,https://data.cityofchicago.org/d/t52q-6zfs,
t5zs-fzmq,documentation_external,https://data.cityofchicago.org/d/t5zs-fzmq,
t64e-x7nt,documentation_external,https://data.cityofchicago.org/d/t64e-x7nt,
t8dp-yzqg,documentation_external,https://data.cityofchicago.org/d/t8dp-yzqg,
t8pq-wu86,documentation_external,https://data.cityofchicago.org/d/t8pq-wu86,
t9i2-i6vu,documentation_external,https://data.cityofchicago.org/d/t9i2-i6vu,
tb2x-zdvr,documentation_external,https://data.cityofchicago.org/d/tb2x-zdvr,
tc9m-x6u6,documentation_external,https://data.cityofchicago.org/d/tc9m-x6u6,
tcpk-wbgm,documentation_external,https://data.cityofchicago.org/d/tcpk-wbgm,
tdab-kixi,documentation_external,https://data.cityofchicago.org/d/tdab-kixi,
tf32-rk4u,documentation_external,https://data.cityofchicago.org/d/tf32-rk4u,
thkh-m6bg,documentation_external,https://data.cityofchicago.org/d/thkh-m6bg,
ty7a-2bxt,documentation_external,https://data.cityofchicago.org/d/ty7a-2bxt,
tz49-n8ze,documentation_external,https://data.cityofchicago.org/d/tz49-n8ze,
u67z-c4hq,documentation_external,https://data.cityofchicago.org/d/u67z-c4hq,
u68q-ccjt,documentation_external,https://data.cityofchicago.org/d/u68q-ccjt,
uati-b8hh,documentation_external,https://data.cityofchicago.org/d/uati-b8hh,
ucpz-2r55,documentation_external,https://data.cityofchicago.org/d/ucpz-2r55,
ueqs-5wr6,documentation_external,https://data.cityofchicago.org/d/ueqs-5wr6,
uhab-t2hm,documentation_external,https://data.cityofchicago.org/d/uhab-t2hm,
uhyd-nthd,documentation_external,https://data.cityofchicago.org/d/uhyd-nthd,
unjd-c2ca,documentation_external,https://data.cityofchicago.org/d/unjd-c2ca,
up9a-4856,documentation_external,https://data.cityofchicago.org/d/up9a-4856,
uqb9-wr7e,documentation_external,https://data.cityofchicago.org/d/uqb9-wr7e,
uvpn-q65m,documentation_external,https://data.cityofchicago.org/d/uvpn-q65m,
uvpp-r6ab,documentation_external,https://data.cityofchicago.org/d/uvpp-r6ab,
uwhj-p95a,documentation_external,https://data.cityofchicago.org/d/uwhj-p95a,
uye8-3ks5,documentation_external,https://data.cityofchicago.org/d/uye8-3ks5,
v3mp-kdxa,documentation_external,https://data.cityofchicago.org/d/v3mp-kdxa,
v3t6-2wdk,documentation_external,https://data.cityofchicago.org/d/v3t6-2wdk,
v6kn-gc9b,documentation_external,https://data.cityofchicago.org/d/v6kn-gc9b,
v7ui-k59z,documentation_external,https://data.cityofchicago.org/d/v7ui-k59z,
vdsr-p25b,documentation_external,https://data.cityofchicago.org/d/vdsr-p25b,
vfmh-nkyk,documentation_external,https://data.cityofchicago.org/d/vfmh-nkyk,
vmwt-djju,documentation_external,https://data.cityofchicago.org/d/vmwt-djju,
vmyy-m9qj,documentation_external,https://data.cityofchicago.org/d/vmyy-m9qj,
vq9d-qgdn,documentation_external,https://data.cityofchicago.org/d/vq9d-qgdn,
w2v3-isjw,documentation_external,https://data.cityofchicago.org/d/w2v3-isjw,
w6hm-jjng,documentation_external,https://data.cityofchicago.org/d/w6hm-jjng,
w9ky-kbav,documentation_external,https://data.cityofchicago.org/d/w9ky-kbav,
wg7q-w82v,documentation_external,https://data.cityofchicago.org/d/wg7q-w82v,
wk3g-vnjx,documentation_external,https://data.cityofchicago.org/d/wk3g-vnjx,
wse8-j3xr,documentation_external,https://data.cityofchicago.org/d/wse8-j3xr,
wv57-d8c5,documentation_external,https://data.cityofchicago.org/d/wv57-d8c5,
wvgz-kaas,documentation_external,https://data.cityofchicago.org/d/wvgz-kaas,
wwy2-k7b3,documentation_external,https://data.cityofchicago.org/d/wwy2-k7b3,
x5xx-pszi,documentation_external,https://data.cityofchicago.org/d/x5xx-pszi,
x72b-38qv,documentation_external,https://data.cityofchicago.org/d/x72b-38qv,
x8fc-8rcq,documentation_external,https://data.cityofchicago.org/d/x8fc-8rcq,
xfyf-x4kx,documentation_external,https://data.cityofchicago.org/d/xfyf-x4kx,
xg7c-d8rm,documentation_external,https://data.cityofchicago.org/d/xg7c-d8rm,
xhr6-rk7p,documentation_external,https://data.cityofchicago.org/d/xhr6-rk7p,
xkur-4g6u,documentation_external,https://data.cityofchicago.org/d/xkur-4g6u,
xq8e-2w28,documentation_external,https://data.cityofchicago.org/d/xq8e-2w28,
xuw6-84zq,documentation_external,https://data.cityofchicago.org/d/xuw6-84zq,
xy4z-b6aa,documentation_external,https://data.cityofchicago.org/d/xy4z-b6aa,
xyyf-bnfu,documentation_external,https://data.cityofchicago.org/d/xyyf-bnfu,
y49e-jumb,documentation_external,https://data.cityofchicago.org/d/y49e-jumb,
y6yq-dbs2,documentation_external,https://data.cityofchicago.org/d/y6yq-dbs2,
y9xh-uwte,documentation_external,https://data.cityofchicago.org/d/y9xh-uwte,
yc36-jwii,documentation_external,https://data.cityofchicago.org/d/yc36-jwii,
ydkj-v5qm,documentation_external,https://data.cityofchicago.org/d/ydkj-v5qm,
yk2f-7cnr,documentation_external,https://data.cityofchicago.org/d/yk2f-7cnr,
ykyc-m3g8,documentation_external,https://data.cityofchicago.org/d/ykyc-m3g8,
yw5d-szpx,documentation_external,https://data.cityofchicago.org/d/yw5d-szpx,
z8bn-74gv,documentation_external,https://data.cityofchicago.org/d/z8bn-74gv,
zbb7-eiea,documentation_external,https://data.cityofchicago.org/d/zbb7-eiea,
zgvr-7yfd,documentation_external,https://data.cityofchicago.org/d/zgvr-7yfd,
zidz-sdfj,documentation_external,https://data.cityofchicago.org/d/zidz-sdfj,
zu2x-8zyf,documentation_external,https://data.cityofchicago.org/d/zu2x-8zyf,
zujh-2pbv,documentation_external,https://data.cityofchicago.org/d/zujh-2pbv,
2266-qhfz,documentation_external,https://datacatalog.cookcountyil.gov/d/2266-qhfz,
25fb-fudr,documentation_external,https://datacatalog.cookcountyil.gov/d/25fb-fudr,
28bp-xhdx,documentation_external,https://datacatalog.cookcountyil.gov/d/28bp-xhdx,
28qb-qvnb,documentation_external,https://datacatalog.cookcountyil.gov/d/28qb-qvnb,
2jm7-izpg,documentation_external,https://datacatalog.cookcountyil.gov/d/2jm7-izpg,
2yr8-5a7v,documentation_external,https://datacatalog.cookcountyil.gov/d/2yr8-5a7v,
3av4-aepc,documentation_external,https://datacatalog.cookcountyil.gov/d/3av4-aepc,
42sg-658i,documentation_external,https://datacatalog.cookcountyil.gov/d/42sg-658i,
433m-4ff7,documentation_external,https://datacatalog.cookcountyil.gov/d/433m-4ff7,
46zu-yb88,documentation_external,https://datacatalog.cookcountyil.gov/d/46zu-yb88,
4cag-jcaf,documentation_external,https://datacatalog.cookcountyil.gov/d/4cag-jcaf,
4eyi-nggg,documentation_external,https://datacatalog.cookcountyil.gov/d/4eyi-nggg,
4kkq-apnr,documentation_external,https://datacatalog.cookcountyil.gov/d/4kkq-apnr,
4skh-pafr,documentation_external,https://datacatalog.cookcountyil.gov/d/4skh-pafr,
55kd-zv3r,documentation_external,https://datacatalog.cookcountyil.gov/d/55kd-zv3r,
5k9t-gkj8,documentation_external,https://datacatalog.cookcountyil.gov/d/5k9t-gkj8,
5rh9-f24d,documentation_external,https://datacatalog.cookcountyil.gov/d/5rh9-f24d,
6j55-bvxd,documentation_external,https://datacatalog.cookcountyil.gov/d/6j55-bvxd,
6n35-nbck,documentation_external,https://datacatalog.cookcountyil.gov/d/6n35-nbck,
72ie-7h88,documentation_external,https://datacatalog.cookcountyil.gov/d/72ie-7h88,
79yc-jw78,documentation_external,https://datacatalog.cookcountyil.gov/d/79yc-jw78,
7cxd-ixze,documentation_external,https://datacatalog.cookcountyil.gov/d/7cxd-ixze,
7dzi-3f43,documentation_external,https://datacatalog.cookcountyil.gov/d/7dzi-3f43,
7emi-v3x2,documentation_external,https://datacatalog.cookcountyil.gov/d/7emi-v3x2,
7in2-wg2d,documentation_external,https://datacatalog.cookcountyil.gov/d/7in2-wg2d,
857k-kfei,documentation_external,https://datacatalog.cookcountyil.gov/d/857k-kfei,
8k62-wcr9,documentation_external,https://datacatalog.cookcountyil.gov/d/8k62-wcr9,
8spv-q457,documentation_external,https://datacatalog.cookcountyil.gov/d/8spv-q457,
8trr-wiuj,documentation_external,https://datacatalog.cookcountyil.gov/d/8trr-wiuj,
8xd4-7sya,documentation_external,https://datacatalog.cookcountyil.gov/d/8xd4-7sya,
8xfp-wmtp,documentation_external,https://datacatalog.cookcountyil.gov/d/8xfp-wmtp,
9g52-kdiz,documentation_external,https://datacatalog.cookcountyil.gov/d/9g52-kdiz,
9pkp-iqu2,documentation_external,https://datacatalog.cookcountyil.gov/d/9pkp-iqu2,
9swk-3a2s,documentation_external,https://datacatalog.cookcountyil.gov/d/9swk-3a2s,
9vni-b48q,documentation_external,https://datacatalog.cookcountyil.gov/d/9vni-b48q,
a2wf-rai8,documentation_external,https://datacatalog.cookcountyil.gov/d/a2wf-rai8,
a33c-j672,documentation_external,https://datacatalog.cookcountyil.gov/d/a33c-j672,
a8wi-3w4a,documentation_external,https://datacatalog.cookcountyil.gov/d/a8wi-3w4a,
abae-6ajx,documentation_external,https://datacatalog.cookcountyil.gov/d/abae-6ajx,
adt4-6vaz,documentation_external,https://datacatalog.cookcountyil.gov/d/adt4-6vaz,
ae8r-gjxw,documentation_external,https://datacatalog.cookcountyil.gov/d/ae8r-gjxw,
aiuc-qbqu,documentation_external,https://datacatalog.cookcountyil.gov/d/aiuc-qbqu,
anwy-2bet,documentation_external,https://datacatalog.cookcountyil.gov/d/anwy-2bet,
assx-9qix,documentation_external,https://datacatalog.cookcountyil.gov/d/assx-9qix,
asvp-5ui9,documentation_external,https://datacatalog.cookcountyil.gov/d/asvp-5ui9,
atrn-8g3h,documentation_external,https://datacatalog.cookcountyil.gov/d/atrn-8g3h,
avd9-rtph,documentation_external,https://datacatalog.cookcountyil.gov/d/avd9-rtph,
b8q9-dfei,documentation_external,https://datacatalog.cookcountyil.gov/d/b8q9-dfei,
b9j8-vfsf,documentation_external,https://datacatalog.cookcountyil.gov/d/b9j8-vfsf,
bbcr-ryng,documentation_external,https://datacatalog.cookcountyil.gov/d/bbcr-ryng,
bhn2-3zfw,documentation_external,https://datacatalog.cookcountyil.gov/d/bhn2-3zfw,
br44-a6xx,documentation_external,https://datacatalog.cookcountyil.gov/d/br44-a6xx,
bxnt-qvhk,documentation_external,https://datacatalog.cookcountyil.gov/d/bxnt-qvhk,
bydy-i3d5,documentation_external,https://datacatalog.cookcountyil.gov/d/bydy-i3d5,
c4ti-qc59,documentation_external,https://datacatalog.cookcountyil.gov/d/c4ti-qc59,
c8vg-tb3k,documentation_external,https://datacatalog.cookcountyil.gov/d/c8vg-tb3k,
d2uu-auym,documentation_external,https://datacatalog.cookcountyil.gov/d/d2uu-auym,
d7m8-axd7,documentation_external,https://datacatalog.cookcountyil.gov/d/d7m8-axd7,
dckf-92bv,documentation_external,https://datacatalog.cookcountyil.gov/d/dckf-92bv,
dmkf-ujfk,documentation_external,https://datacatalog.cookcountyil.gov/d/dmkf-ujfk,
egn3-en3a,documentation_external,https://datacatalog.cookcountyil.gov/d/egn3-en3a,
ehdf-hvfa,documentation_external,https://datacatalog.cookcountyil.gov/d/ehdf-hvfa,
ej53-qtw5,documentation_external,https://datacatalog.cookcountyil.gov/d/ej53-qtw5,
eswr-7m6y,documentation_external,https://datacatalog.cookcountyil.gov/d/eswr-7m6y,
feph-63em,documentation_external,https://datacatalog.cookcountyil.gov/d/feph-63em,
fgms-ygw3,documentation_external,https://datacatalog.cookcountyil.gov/d/fgms-ygw3,
fgwk-bm8x,documentation_external,https://datacatalog.cookcountyil.gov/d/fgwk-bm8x,
furg-rtji,documentation_external,https://datacatalog.cookcountyil.gov/d/furg-rtji,
fx8u-gz5p,documentation_external,https://datacatalog.cookcountyil.gov/d/fx8u-gz5p,
fzad-aj8b,documentation_external,https://datacatalog.cookcountyil.gov/d/fzad-aj8b,
g3f7-87ej,documentation_external,https://datacatalog.cookcountyil.gov/d/g3f7-87ej,
g7ak-8yzt,documentation_external,https://datacatalog.cookcountyil.gov/d/g7ak-8yzt,
gafa-u289,documentation_external,https://datacatalog.cookcountyil.gov/d/gafa-u289,
gi8c-v46x,documentation_external,https://datacatalog.cookcountyil.gov/d/gi8c-v46x,
gkp8-sgj3,documentation_external,https://datacatalog.cookcountyil.gov/d/gkp8-sgj3,
h69t-zwqi,documentation_external,https://datacatalog.cookcountyil.gov/d/h69t-zwqi,
ijhj-br4i,documentation_external,https://datacatalog.cookcountyil.gov/d/ijhj-br4i,
ik5r-h4d9,documentation_external,https://datacatalog.cookcountyil.gov/d/ik5r-h4d9,
ikxe-tdm7,documentation_external,https://datacatalog.cookcountyil.gov/d/ikxe-tdm7,
im9y-zgs9,documentation_external,https://datacatalog.cookcountyil.gov/d/im9y-zgs9,
isyr-jsri,documentation_external,https://datacatalog.cookcountyil.gov/d/isyr-jsri,
jfun-y3wq,documentation_external,https://datacatalog.cookcountyil.gov/d/jfun-y3wq,
jmmy-i8aj,documentation_external,https://datacatalog.cookcountyil.gov/d/jmmy-i8aj,
k5gs-8n43,documentation_external,https://datacatalog.cookcountyil.gov/d/k5gs-8n43,
kazx-v9zn,documentation_external,https://datacatalog.cookcountyil.gov/d/kazx-v9zn,
kiz2-uhw4,documentation_external,https://datacatalog.cookcountyil.gov/d/kiz2-uhw4,
kpui-g55i,documentation_external,https://datacatalog.cookcountyil.gov/d/kpui-g55i,
kt8y-vj55,documentation_external,https://datacatalog.cookcountyil.gov/d/kt8y-vj55,
m74c-6vcx,documentation_external,https://datacatalog.cookcountyil.gov/d/m74c-6vcx,
m7cz-mt8s,documentation_external,https://datacatalog.cookcountyil.gov/d/m7cz-mt8s,
mf4y-ysee,documentation_external,https://datacatalog.cookcountyil.gov/d/mf4y-ysee,
mmnn-6sr8,documentation_external,https://datacatalog.cookcountyil.gov/d/mmnn-6sr8,
mvn9-m2ca,documentation_external,https://datacatalog.cookcountyil.gov/d/mvn9-m2ca,
nbvy-w97v,documentation_external,https://datacatalog.cookcountyil.gov/d/nbvy-w97v,
nfkd-trzh,documentation_external,https://datacatalog.cookcountyil.gov/d/nfkd-trzh,
nhsi-bt2g,documentation_external,https://datacatalog.cookcountyil.gov/d/nhsi-bt2g,
nnbn-qb56,documentation_external,https://datacatalog.cookcountyil.gov/d/nnbn-qb56,
ntr8-568s,documentation_external,https://datacatalog.cookcountyil.gov/d/ntr8-568s,
ntsd-rhpm,documentation_external,https://datacatalog.cookcountyil.gov/d/ntsd-rhpm,
nw2q-rhjv,documentation_external,https://datacatalog.cookcountyil.gov/d/nw2q-rhjv,
nytx-9q5y,documentation_external,https://datacatalog.cookcountyil.gov/d/nytx-9q5y,
nzy4-2zrw,documentation_external,https://datacatalog.cookcountyil.gov/d/nzy4-2zrw,
p2wq-jfgh,documentation_external,https://datacatalog.cookcountyil.gov/d/p2wq-jfgh,
p7nu-wvqu,documentation_external,https://datacatalog.cookcountyil.gov/d/p7nu-wvqu,
pgbp-vrig,documentation_external,https://datacatalog.cookcountyil.gov/d/pgbp-vrig,
pivi-uzaw,documentation_external,https://datacatalog.cookcountyil.gov/d/pivi-uzaw,
pjqr-k9u4,documentation_external,https://datacatalog.cookcountyil.gov/d/pjqr-k9u4,
qica-7t8v,documentation_external,https://datacatalog.cookcountyil.gov/d/qica-7t8v,
qr3k-zmxc,documentation_external,https://datacatalog.cookcountyil.gov/d/qr3k-zmxc,
qtyv-vtbp,documentation_external,https://datacatalog.cookcountyil.gov/d/qtyv-vtbp,
qz59-j4yd,documentation_external,https://datacatalog.cookcountyil.gov/d/qz59-j4yd,
r72x-784k,documentation_external,https://datacatalog.cookcountyil.gov/d/r72x-784k,
r85p-4xmy,documentation_external,https://datacatalog.cookcountyil.gov/d/r85p-4xmy,
rh7w-4dqv,documentation_external,https://datacatalog.cookcountyil.gov/d/rh7w-4dqv,
rp59-stb3,documentation_external,https://datacatalog.cookcountyil.gov/d/rp59-stb3,
rz5a-rmgn,documentation_external,https://datacatalog.cookcountyil.gov/d/rz5a-rmgn,
s9rq-izzv,documentation_external,https://datacatalog.cookcountyil.gov/d/s9rq-izzv,
sa4g-cqp2,documentation_external,https://datacatalog.cookcountyil.gov/d/sa4g-cqp2,
se8b-nidy,documentation_external,https://datacatalog.cookcountyil.gov/d/se8b-nidy,
sg3k-5cf5,documentation_external,https://datacatalog.cookcountyil.gov/d/sg3k-5cf5,
sg9a-x6ka,documentation_external,https://datacatalog.cookcountyil.gov/d/sg9a-x6ka,
shgj-qeea,documentation_external,https://datacatalog.cookcountyil.gov/d/shgj-qeea,
si9c-8fax,documentation_external,https://datacatalog.cookcountyil.gov/d/si9c-8fax,
siqz-6cmb,documentation_external,https://datacatalog.cookcountyil.gov/d/siqz-6cmb,
spy4-y5mz,documentation_external,https://datacatalog.cookcountyil.gov/d/spy4-y5mz,
suq7-jds6,documentation_external,https://datacatalog.cookcountyil.gov/d/suq7-jds6,
t799-vjyq,documentation_external,https://datacatalog.cookcountyil.gov/d/t799-vjyq,
tczc-idgv,documentation_external,https://datacatalog.cookcountyil.gov/d/tczc-idgv,
th9c-zxcy,documentation_external,https://datacatalog.cookcountyil.gov/d/th9c-zxcy,
thqv-eaax,documentation_external,https://datacatalog.cookcountyil.gov/d/thqv-eaax,
tp5a-vuz9,documentation_external,https://datacatalog.cookcountyil.gov/d/tp5a-vuz9,
u3w4-9rrs,documentation_external,https://datacatalog.cookcountyil.gov/d/u3w4-9rrs,
u8pj-4dkv,documentation_external,https://datacatalog.cookcountyil.gov/d/u8pj-4dkv,
u8xz-zwzz,documentation_external,https://datacatalog.cookcountyil.gov/d/u8xz-zwzz,
ucvb-u5uh,documentation_external,https://datacatalog.cookcountyil.gov/d/ucvb-u5uh,
ueaz-2czr,documentation_external,https://datacatalog.cookcountyil.gov/d/ueaz-2czr,
unc9-k249,documentation_external,https://datacatalog.cookcountyil.gov/d/unc9-k249,
uua9-fkq6,documentation_external,https://datacatalog.cookcountyil.gov/d/uua9-fkq6,
uwq3-76vw,documentation_external,https://datacatalog.cookcountyil.gov/d/uwq3-76vw,
v7fc-3ggt,documentation_external,https://datacatalog.cookcountyil.gov/d/v7fc-3ggt,
v9is-32s7,documentation_external,https://datacatalog.cookcountyil.gov/d/v9is-32s7,
vax7-r32n,documentation_external,https://datacatalog.cookcountyil.gov/d/vax7-r32n,
vc32-sqx2,documentation_external,https://datacatalog.cookcountyil.gov/d/vc32-sqx2,
vh2a-jv48,documentation_external,https://datacatalog.cookcountyil.gov/d/vh2a-jv48,
vkxu-e959,documentation_external,https://datacatalog.cookcountyil.gov/d/vkxu-e959,
w3vu-isq5,documentation_external,https://datacatalog.cookcountyil.gov/d/w3vu-isq5,
w62r-rq29,documentation_external,https://datacatalog.cookcountyil.gov/d/w62r-rq29,
w98x-3iwy,documentation_external,https://datacatalog.cookcountyil.gov/d/w98x-3iwy,
wfma-6dww,documentation_external,https://datacatalog.cookcountyil.gov/d/wfma-6dww,
wgaj-tryd,documentation_external,https://datacatalog.cookcountyil.gov/d/wgaj-tryd,
wu95-7h8e,documentation_external,https://datacatalog.cookcountyil.gov/d/wu95-7h8e,
x4xz-2a3j,documentation_external,https://datacatalog.cookcountyil.gov/d/x4xz-2a3j,
x666-r9fy,documentation_external,https://datacatalog.cookcountyil.gov/d/x666-r9fy,
xacz-x7qs,documentation_external,https://datacatalog.cookcountyil.gov/d/xacz-x7qs,
xn5e-xxa5,documentation_external,https://datacatalog.cookcountyil.gov/d/xn5e-xxa5,
xzy3-x2x7,documentation_external,https://datacatalog.cookcountyil.gov/d/xzy3-x2x7,
y2ck-afbz,documentation_external,https://datacatalog.cookcountyil.gov/d/y2ck-afbz,
ybvq-a3xi,documentation_external,https://datacatalog.cookcountyil.gov/d/ybvq-a3xi,
yekx-izpj,documentation_external,https://datacatalog.cookcountyil.gov/d/yekx-izpj,
yiic-b2se,documentation_external,https://datacatalog.cookcountyil.gov/d/yiic-b2se,
yqn2-vgvj,documentation_external,https://datacatalog.cookcountyil.gov/d/yqn2-vgvj,
yski-9fq7,documentation_external,https://datacatalog.cookcountyil.gov/d/yski-9fq7,
yu56-ces2,documentation_external,https://datacatalog.cookcountyil.gov/d/yu56-ces2,
36fh-etrc,documentation_external,https://data.princegeorgescountymd.gov/d/36fh-etrc,
2dnv-3zhz,geo_json,https://data.bloomington.in.gov/resource/2dnv-3zhz.geojson,
2z3a-pv4d,geo_json,https://data.bloomington.in.gov/resource/2z3a-pv4d.geojson,
37cr-hskz,geo_json,https://data.bloomington.in.gov/resource/37cr-hskz.geojson,
37fk-f9fn,geo_json,https://data.bloomington.in.gov/resource/37fk-f9fn.geojson,
3a4p-5rca,geo_json,https://data.bloomington.in.gov/resource/3a4p-5rca.geojson,
3pgq-dbni,geo_json,https://data.bloomington.in.gov/resource/3pgq-dbni.geojson,
3zab-yq4z,geo_json,https://data.bloomington.in.gov/resource/3zab-yq4z.geojson,
4ez4-mguv,geo_json,https://data.bloomington.in.gov/resource/4ez4-mguv.geojson,
4npn-ujt9,geo_json,https://data.bloomington.in.gov/resource/4npn-ujt9.geojson,
59er-4n3f,geo_json,https://data.bloomington.in.gov/resource/59er-4n3f.geojson,
668t-jg2w,geo_json,https://data.bloomington.in.gov/resource/668t-jg2w.geojson,
6nix-hfgf,geo_json,https://data.bloomington.in.gov/resource/6nix-hfgf.geojson,
6y6u-a7ke,geo_json,https://data.bloomington.in.gov/resource/6y6u-a7ke.geojson,
7nrn-cv4c,geo_json,https://data.bloomington.in.gov/resource/7nrn-cv4c.geojson,
7xda-miz5,geo_json,https://data.bloomington.in.gov/resource/7xda-miz5.geojson,
7xga-b2w7,geo_json,https://data.bloomington.in.gov/resource/7xga-b2w7.geojson,
7xsy-cpc8,geo_json,https://data.bloomington.in.gov/resource/7xsy-cpc8.geojson,
8yia-fgp6,geo_json,https://data.bloomington.in.gov/resource/8yia-fgp6.geojson,
9bzi-jstz,geo_json,https://data.bloomington.in.gov/resource/9bzi-jstz.geojson,
apcz-492v,geo_json,https://data.bloomington.in.gov/resource/apcz-492v.geojson,
b8yb-iwu6,geo_json,https://data.bloomington.in.gov/resource/b8yb-iwu6.geojson,
bb3b-6hg6,geo_json,https://data.bloomington.in.gov/resource/bb3b-6hg6.geojson,
bbv8-zsj5,geo_json,https://data.bloomington.in.gov/resource/bbv8-zsj5.geojson,
bik6-u9s9,geo_json,https://data.bloomington.in.gov/resource/bik6-u9s9.geojson,
bk7e-xkzb,geo_json,https://data.bloomington.in.gov/resource/bk7e-xkzb.geojson,
c2bx-gh32,geo_json,https://data.bloomington.in.gov/resource/c2bx-gh32.geojson,
c5d5-eci9,geo_json,https://data.bloomington.in.gov/resource/c5d5-eci9.geojson,
dkff-vpm7,geo_json,https://data.bloomington.in.gov/resource/dkff-vpm7.geojson,
du2g-dxvr,geo_json,https://data.bloomington.in.gov/resource/du2g-dxvr.geojson,
dwr9-4gq9,geo_json,https://data.bloomington.in.gov/resource/dwr9-4gq9.geojson,
fmtq-ct5d,geo_json,https://data.bloomington.in.gov/resource/fmtq-ct5d.geojson,
fvmi-seaw,geo_json,https://data.bloomington.in.gov/resource/fvmi-seaw.geojson,
gwc4-7gv6,geo_json,https://data.bloomington.in.gov/resource/gwc4-7gv6.geojson,
gx4i-zcmv,geo_json,https://data.bloomington.in.gov/resource/gx4i-zcmv.geojson,
hxz9-33ng,geo_json,https://data.bloomington.in.gov/resource/hxz9-33ng.geojson,
hy7z-gbif,geo_json,https://data.bloomington.in.gov/resource/hy7z-gbif.geojson,
hzvr-vfib,geo_json,https://data.bloomington.in.gov/resource/hzvr-vfib.geojson,
ik6r-d5s3,geo_json,https://data.bloomington.in.gov/resource/ik6r-d5s3.geojson,
j9kp-gbih,geo_json,https://data.bloomington.in.gov/resource/j9kp-gbih.geojson,
k3y8-mq44,geo_json,https://data.bloomington.in.gov/resource/k3y8-mq44.geojson,
k8i5-2hnd,geo_json,https://data.bloomington.in.gov/resource/k8i5-2hnd.geojson,
n2dh-7dkd,geo_json,https://data.bloomington.in.gov/resource/n2dh-7dkd.geojson,
ndfd-h5qf,geo_json,https://data.bloomington.in.gov/resource/ndfd-h5qf.geojson,
nxki-ixsg,geo_json,https://data.bloomington.in.gov/resource/nxki-ixsg.geojson,
qbif-c7j6,geo_json,https://data.bloomington.in.gov/resource/qbif-c7j6.geojson,
r3zv-5pii,geo_json,https://data.bloomington.in.gov/resource/r3zv-5pii.geojson,
r8ed-praf,geo_json,https://data.bloomington.in.gov/resource/r8ed-praf.geojson,
rey9-3gmi,geo_json,https://data.bloomington.in.gov/resource/rey9-3gmi.geojson,
rfjb-wwxv,geo_json,https://data.bloomington.in.gov/resource/rfjb-wwxv.geojson,
rhme-2upn,geo_json,https://data.bloomington.in.gov/resource/rhme-2upn.geojson,
s3cs-my2d,geo_json,https://data.bloomington.in.gov/resource/s3cs-my2d.geojson,
sa9c-n6hi,geo_json,https://data.bloomington.in.gov/resource/sa9c-n6hi.geojson,
samh-99bv,geo_json,https://data.bloomington.in.gov/resource/samh-99bv.geojson,
sbby-5r4b,geo_json,https://data.bloomington.in.gov/resource/sbby-5r4b.geojson,
sd79-67aw,geo_json,https://data.bloomington.in.gov/resource/sd79-67aw.geojson,
t4vk-k9jk,geo_json,https://data.bloomington.in.gov/resource/t4vk-k9jk.geojson,
ti99-e97f,geo_json,https://data.bloomington.in.gov/resource/ti99-e97f.geojson,
u99b-cpd2,geo_json,https://data.bloomington.in.gov/resource/u99b-cpd2.geojson,
uyni-jugj,geo_json,https://data.bloomington.in.gov/resource/uyni-jugj.geojson,
x2pg-vc7y,geo_json,https://data.bloomington.in.gov/resource/x2pg-vc7y.geojson,
xct4-utqa,geo_json,https://data.bloomington.in.gov/resource/xct4-utqa.geojson,
xt8f-c7zc,geo_json,https://data.bloomington.in.gov/resource/xt8f-c7zc.geojson,
yh5b-wn98,geo_json,https://data.bloomington.in.gov/resource/yh5b-wn98.geojson,
ymp5-yvgv,geo_json,https://data.bloomington.in.gov/resource/ymp5-yvgv.geojson,
yqye-sgx5,geo_json,https://data.bloomington.in.gov/resource/yqye-sgx5.geojson,
2266-qhfz,geo_json,https://datacatalog.cookcountyil.gov/resource/2266-qhfz.geojson,
25fb-fudr,geo_json,https://datacatalog.cookcountyil.gov/resource/25fb-fudr.geojson,
28bp-xhdx,geo_json,https://datacatalog.cookcountyil.gov/resource/28bp-xhdx.geojson,
28qb-qvnb,geo_json,https://datacatalog.cookcountyil.gov/resource/28qb-qvnb.geojson,
2jm7-izpg,geo_json,https://datacatalog.cookcountyil.gov/resource/2jm7-izpg.geojson,
2yr8-5a7v,geo_json,https://datacatalog.cookcountyil.gov/resource/2yr8-5a7v.geojson,
46zu-yb88,geo_json,https://datacatalog.cookcountyil.gov/resource/46zu-yb88.geojson,
4cag-jcaf,geo_json,https://datacatalog.cookcountyil.gov/resource/4cag-jcaf.geojson,
4eyi-nggg,geo_json,https://datacatalog.cookcountyil.gov/resource/4eyi-nggg.geojson,
4kkq-apnr,geo_json,https://datacatalog.cookcountyil.gov/resource/4kkq-apnr.geojson,
55kd-zv3r,geo_json,https://datacatalog.cookcountyil.gov/resource/55kd-zv3r.geojson,
5k9t-gkj8,geo_json,https://datacatalog.cookcountyil.gov/resource/5k9t-gkj8.geojson,
5rh9-f24d,geo_json,https://datacatalog.cookcountyil.gov/resource/5rh9-f24d.geojson,
72ie-7h88,geo_json,https://datacatalog.cookcountyil.gov/resource/72ie-7h88.geojson,
7cxd-ixze,geo_json,https://datacatalog.cookcountyil.gov/resource/7cxd-ixze.geojson,
7dzi-3f43,geo_json,https://datacatalog.cookcountyil.gov/resource/7dzi-3f43.geojson,
7emi-v3x2,geo_json,https://datacatalog.cookcountyil.gov/resource/7emi-v3x2.geojson,
7in2-wg2d,geo_json,https://datacatalog.cookcountyil.gov/resource/7in2-wg2d.geojson,
8k62-wcr9,geo_json,https://datacatalog.cookcountyil.gov/resource/8k62-wcr9.geojson,
8xd4-7sya,geo_json,https://datacatalog.cookcountyil.gov/resource/8xd4-7sya.geojson,
8xfp-wmtp,geo_json,https://datacatalog.cookcountyil.gov/resource/8xfp-wmtp.geojson,
9swk-3a2s,geo_json,https://datacatalog.cookcountyil.gov/resource/9swk-3a2s.geojson,
a2wf-rai8,geo_json,https://datacatalog.cookcountyil.gov/resource/a2wf-rai8.geojson,
a33c-j672,geo_json,https://datacatalog.cookcountyil.gov/resource/a33c-j672.geojson,
abae-6ajx,geo_json,https://datacatalog.cookcountyil.gov/resource/abae-6ajx.geojson,
ae8r-gjxw,geo_json,https://datacatalog.cookcountyil.gov/resource/ae8r-gjxw.geojson,
aiuc-qbqu,geo_json,https://datacatalog.cookcountyil.gov/resource/aiuc-qbqu.geojson,
anwy-2bet,geo_json,https://datacatalog.cookcountyil.gov/resource/anwy-2bet.geojson,
assx-9qix,geo_json,https://datacatalog.cookcountyil.gov/resource/assx-9qix.geojson,
asvp-5ui9,geo_json,https://datacatalog.cookcountyil.gov/resource/asvp-5ui9.geojson,
avd9-rtph,geo_json,https://datacatalog.cookcountyil.gov/resource/avd9-rtph.geojson,
b8q9-dfei,geo_json,https://datacatalog.cookcountyil.gov/resource/b8q9-dfei.geojson,
bbcr-ryng,geo_json,https://datacatalog.cookcountyil.gov/resource/bbcr-ryng.geojson,
bhn2-3zfw,geo_json,https://datacatalog.cookcountyil.gov/resource/bhn2-3zfw.geojson,
br44-a6xx,geo_json,https://datacatalog.cookcountyil.gov/resource/br44-a6xx.geojson,
bydy-i3d5,geo_json,https://datacatalog.cookcountyil.gov/resource/bydy-i3d5.geojson,
d2uu-auym,geo_json,https://datacatalog.cookcountyil.gov/resource/d2uu-auym.geojson,
d7m8-axd7,geo_json,https://datacatalog.cookcountyil.gov/resource/d7m8-axd7.geojson,
dckf-92bv,geo_json,https://datacatalog.cookcountyil.gov/resource/dckf-92bv.geojson,
dmkf-ujfk,geo_json,https://datacatalog.cookcountyil.gov/resource/dmkf-ujfk.geojson,
ehdf-hvfa,geo_json,https://datacatalog.cookcountyil.gov/resource/ehdf-hvfa.geojson,
ej53-qtw5,geo_json,https://datacatalog.cookcountyil.gov/resource/ej53-qtw5.geojson,
feph-63em,geo_json,https://datacatalog.cookcountyil.gov/resource/feph-63em.geojson,
fgwk-bm8x,geo_json,https://datacatalog.cookcountyil.gov/resource/fgwk-bm8x.geojson,
fx8u-gz5p,geo_json,https://datacatalog.cookcountyil.gov/resource/fx8u-gz5p.geojson,
g3f7-87ej,geo_json,https://datacatalog.cookcountyil.gov/resource/g3f7-87ej.geojson,
gafa-u289,geo_json,https://datacatalog.cookcountyil.gov/resource/gafa-u289.geojson,
gi8c-v46x,geo_json,https://datacatalog.cookcountyil.gov/resource/gi8c-v46x.geojson,
gkp8-sgj3,geo_json,https://datacatalog.cookcountyil.gov/resource/gkp8-sgj3.geojson,
ijhj-br4i,geo_json,https://datacatalog.cookcountyil.gov/resource/ijhj-br4i.geojson,
im9y-zgs9,geo_json,https://datacatalog.cookcountyil.gov/resource/im9y-zgs9.geojson,
isyr-jsri,geo_json,https://datacatalog.cookcountyil.gov/resource/isyr-jsri.geojson,
jfun-y3wq,geo_json,https://datacatalog.cookcountyil.gov/resource/jfun-y3wq.geojson,
k5gs-8n43,geo_json,https://datacatalog.cookcountyil.gov/resource/k5gs-8n43.geojson,
kazx-v9zn,geo_json,https://datacatalog.cookcountyil.gov/resource/kazx-v9zn.geojson,
kpui-g55i,geo_json,https://datacatalog.cookcountyil.gov/resource/kpui-g55i.geojson,
kt8y-vj55,geo_json,https://datacatalog.cookcountyil.gov/resource/kt8y-vj55.geojson,
m7cz-mt8s,geo_json,https://datacatalog.cookcountyil.gov/resource/m7cz-mt8s.geojson,
mf4y-ysee,geo_json,https://datacatalog.cookcountyil.gov/resource/mf4y-ysee.geojson,
mmnn-6sr8,geo_json,https://datacatalog.cookcountyil.gov/resource/mmnn-6sr8.geojson,
mvn9-m2ca,geo_json,https://datacatalog.cookcountyil.gov/resource/mvn9-m2ca.geojson,
nfkd-trzh,geo_json,https://datacatalog.cookcountyil.gov/resource/nfkd-trzh.geojson,
nhsi-bt2g,geo_json,https://datacatalog.cookcountyil.gov/resource/nhsi-bt2g.geojson,
nnbn-qb56,geo_json,https://datacatalog.cookcountyil.gov/resource/nnbn-qb56.geojson,
ntr8-568s,geo_json,https://datacatalog.cookcountyil.gov/resource/ntr8-568s.geojson,
ntsd-rhpm,geo_json,https://datacatalog.cookcountyil.gov/resource/ntsd-rhpm.geojson,
nw2q-rhjv,geo_json,https://datacatalog.cookcountyil.gov/resource/nw2q-rhjv.geojson,
nytx-9q5y,geo_json,https://datacatalog.cookcountyil.gov/resource/nytx-9q5y.geojson,
nzy4-2zrw,geo_json,https://datacatalog.cookcountyil.gov/resource/nzy4-2zrw.geojson,
p2wq-jfgh,geo_json,https://datacatalog.cookcountyil.gov/resource/p2wq-jfgh.geojson,
p7nu-wvqu,geo_json,https://datacatalog.cookcountyil.gov/resource/p7nu-wvqu.geojson,
pivi-uzaw,geo_json,https://datacatalog.cookcountyil.gov/resource/pivi-uzaw.geojson,
pjqr-k9u4,geo_json,https://datacatalog.cookcountyil.gov/resource/pjqr-k9u4.geojson,
qica-7t8v,geo_json,https://datacatalog.cookcountyil.gov/resource/qica-7t8v.geojson,
qtyv-vtbp,geo_json,https://datacatalog.cookcountyil.gov/resource/qtyv-vtbp.geojson,
qz59-j4yd,geo_json,https://datacatalog.cookcountyil.gov/resource/qz59-j4yd.geojson,
r72x-784k,geo_json,https://datacatalog.cookcountyil.gov/resource/r72x-784k.geojson,
rh7w-4dqv,geo_json,https://datacatalog.cookcountyil.gov/resource/rh7w-4dqv.geojson,
rp59-stb3,geo_json,https://datacatalog.cookcountyil.gov/resource/rp59-stb3.geojson,
s9rq-izzv,geo_json,https://datacatalog.cookcountyil.gov/resource/s9rq-izzv.geojson,
sa4g-cqp2,geo_json,https://datacatalog.cookcountyil.gov/resource/sa4g-cqp2.geojson,
se8b-nidy,geo_json,https://datacatalog.cookcountyil.gov/resource/se8b-nidy.geojson,
sg9a-x6ka,geo_json,https://datacatalog.cookcountyil.gov/resource/sg9a-x6ka.geojson,
shgj-qeea,geo_json,https://datacatalog.cookcountyil.gov/resource/shgj-qeea.geojson,
si9c-8fax,geo_json,https://datacatalog.cookcountyil.gov/resource/si9c-8fax.geojson,
siqz-6cmb,geo_json,https://datacatalog.cookcountyil.gov/resource/siqz-6cmb.geojson,
spy4-y5mz,geo_json,https://datacatalog.cookcountyil.gov/resource/spy4-y5mz.geojson,
t799-vjyq,geo_json,https://datacatalog.cookcountyil.gov/resource/t799-vjyq.geojson,
thqv-eaax,geo_json,https://datacatalog.cookcountyil.gov/resource/thqv-eaax.geojson,
tp5a-vuz9,geo_json,https://datacatalog.cookcountyil.gov/resource/tp5a-vuz9.geojson,
u8pj-4dkv,geo_json,https://datacatalog.cookcountyil.gov/resource/u8pj-4dkv.geojson,
u8xz-zwzz,geo_json,https://datacatalog.cookcountyil.gov/resource/u8xz-zwzz.geojson,
ueaz-2czr,geo_json,https://datacatalog.cookcountyil.gov/resource/ueaz-2czr.geojson,
unc9-k249,geo_json,https://datacatalog.cookcountyil.gov/resource/unc9-k249.geojson,
uua9-fkq6,geo_json,https://datacatalog.cookcountyil.gov/resource/uua9-fkq6.geojson,
uwq3-76vw,geo_json,https://datacatalog.cookcountyil.gov/resource/uwq3-76vw.geojson,
v9is-32s7,geo_json,https://datacatalog.cookcountyil.gov/resource/v9is-32s7.geojson,
vc32-sqx2,geo_json,https://datacatalog.cookcountyil.gov/resource/vc32-sqx2.geojson,
vh2a-jv48,geo_json,https://datacatalog.cookcountyil.gov/resource/vh2a-jv48.geojson,
vkxu-e959,geo_json,https://datacatalog.cookcountyil.gov/resource/vkxu-e959.geojson,
w3vu-isq5,geo_json,https://datacatalog.cookcountyil.gov/resource/w3vu-isq5.geojson,
w62r-rq29,geo_json,https://datacatalog.cookcountyil.gov/resource/w62r-rq29.geojson,
w98x-3iwy,geo_json,https://datacatalog.cookcountyil.gov/resource/w98x-3iwy.geojson,
wfma-6dww,geo_json,https://datacatalog.cookcountyil.gov/resource/wfma-6dww.geojson,
wu95-7h8e,geo_json,https://datacatalog.cookcountyil.gov/resource/wu95-7h8e.geojson,
xacz-x7qs,geo_json,https://datacatalog.cookcountyil.gov/resource/xacz-x7qs.geojson,
xn5e-xxa5,geo_json,https://datacatalog.cookcountyil.gov/resource/xn5e-xxa5.geojson,
xzy3-x2x7,geo_json,https://datacatalog.cookcountyil.gov/resource/xzy3-x2x7.geojson,
yiic-b2se,geo_json,https://datacatalog.cookcountyil.gov/resource/yiic-b2se.geojson,
yski-9fq7,geo_json,https://datacatalog.cookcountyil.gov/resource/yski-9fq7.geojson,
yu56-ces2,geo_json,https://datacatalog.cookcountyil.gov/resource/yu56-ces2.geojson,
