Label,altLabel,Bounding Box,Geometry,GeoNames ID
Afghanistan,,"60.53,29.32,75.16,38.49","ENVELOPE(60.53,75.16,38.49,29.32)",
Åland Islands,Aland,"19.0832,59.4542,21.3456,60.8767","ENVELOPE(19.0832,21.3456,60.8767,59.4542)",
Albania,,"19.3,39.62,21.02,42.69","ENVELOPE(19.3,21.02,42.69,39.62)",
Algeria,,"-8.68,19.06,12,37.12","ENVELOPE(-8.68,12,37.12,19.06)",
American Samoa,,"-171.1419,-14.6018,-168.1016,-10.9972","ENVELOPE(-171.1419,-168.1016,-10.9972,-14.6018)",
Andorra,,"1.413578,42.428824,1.786664,42.655936","ENVELOPE(1.413578,1.786664,42.655936,42.428824)",
Angola,,"11.64,-17.93,24.08,-4.44","ENVELOPE(11.64,24.08,-4.44,-17.93)",
Anguilla,,"-63.6392,18.061546,-62.712545,18.79512","ENVELOPE(-63.6392,-62.712545,18.79512,18.061546)",
Antarctica,,"-179.99,-89.99,179.99,-63.27","ENVELOPE(-179.99,179.99,-63.27,-89.99)",
Antigua and Barbuda,,"-62.5548,16.7556,-61.4476,17.9473","ENVELOPE(-62.5548,-61.4476,17.9473,16.7556)",
Argentina,,"-73.42,-55.25,-53.63,-21.83","ENVELOPE(-73.42,-53.63,-21.83,-55.25)",
Armenia,,"43.58,38.74,46.51,41.25","ENVELOPE(43.58,46.51,41.25,38.74)",
Aruba,,"-70.269568,12.25783,-69.661236,12.823","ENVELOPE(-70.269568,-69.661236,12.823,12.25783)",
Australia,,"113.34,-43.63,153.57,-10.67","ENVELOPE(113.34,153.57,-10.67,-43.63)",
Austria,,"9.48,46.43,16.98,49.04","ENVELOPE(9.48,16.98,49.04,46.43)",
Azerbaijan,,"44.79,38.27,50.39,41.86","ENVELOPE(44.79,50.39,41.86,38.27)",
Bahamas,,"-78.98,23.71,-77,27.04","ENVELOPE(-78.98,-77,27.04,23.71)",
Bahrain,,"50.2698,25.535,50.9234,26.6872","ENVELOPE(50.2698,50.9234,26.6872,25.535)",
Bangladesh,,"88.08,20.67,92.67,26.45","ENVELOPE(88.08,92.67,26.45,20.67)",
Barbados,,"-59.856212,12.845,-59.214718,13.535","ENVELOPE(-59.856212,-59.214718,13.535,12.845)",
Belarus,,"23.2,51.32,32.69,56.17","ENVELOPE(23.2,32.69,56.17,51.32)",
Belgium,,"2.51,49.53,6.16,51.48","ENVELOPE(2.51,6.16,51.48,49.53)",
Belize,,"-89.23,15.89,-88.11,18.5","ENVELOPE(-89.23,-88.11,18.5,15.89)",
Benin,,"0.77,6.14,3.8,12.24","ENVELOPE(0.77,3.8,12.24,6.14)",
Bermuda,,"-65.123223,32.046965,-64.410984,32.59137","ENVELOPE(-65.123223,-64.410984,32.59137,32.046965)",
Bhutan,,"88.81,26.72,92.1,28.3","ENVELOPE(88.81,92.1,28.3,26.72)",
Bolivia,Bolivia (Plurinational State of),"-69.59,-22.87,-57.5,-9.76","ENVELOPE(-69.59,-57.5,-9.76,-22.87)",
"Bonaire, Sint Eustatius and Saba",,"-63.198611,17.276735,-62.784706,17.726993","ENVELOPE(-63.198611,-62.784706,17.726993,17.276735)",
Bosnia and Herzegovina,,"15.75,42.65,19.6,45.23","ENVELOPE(15.75,19.6,45.23,42.65)",
Botswana,,"19.9,-26.83,29.43,-17.66","ENVELOPE(19.9,29.43,-17.66,-26.83)",
Bouvet Island,,"2.934553,-54.654,3.77911,-54.187","ENVELOPE(2.934553,3.77911,-54.187,-54.654)",
Brazil,,"-73.99,-33.77,-34.73,5.24","ENVELOPE(-73.99,-34.73,5.24,-33.77)",
British Indian Ocean Territory,,"71.1873,-7.4941,72.545,-5.1857","ENVELOPE(71.1873,72.545,-5.1857,-7.4941)",
British Virgin Islands,,"-64.955961,18.105531,-64.05973,18.95038","ENVELOPE(-64.955961,-64.05973,18.95038,18.105531)",
Brunei,Brunei Darussalam,"114.2,4.01,115.45,5.45","ENVELOPE(114.2,115.45,5.45,4.01)",
Bulgaria,,"22.38,41.23,28.56,44.23","ENVELOPE(22.38,28.56,44.23,41.23)",
Burkina Faso,,"-5.47,9.61,2.18,15.12","ENVELOPE(-5.47,2.18,15.12,9.61)",
Burundi,,"29.02,-4.5,30.75,-2.35","ENVELOPE(29.02,30.75,-2.35,-4.5)",
Cabo Verde,,"-25.5731,14.6066,-22.4548,17.4071","ENVELOPE(-25.5731,-22.4548,17.4071,14.6066)",
Cambodia,,"102.35,10.49,107.61,14.57","ENVELOPE(102.35,107.61,14.57,10.49)",
Cameroon,,"8.49,1.73,16.01,12.86","ENVELOPE(8.49,16.01,12.86,1.73)",
Canada,,"-141,41.68,-52.65,83.23","ENVELOPE(-141,-52.65,83.23,41.68)",
Cayman Islands,,"-81.6314,19.0621,-79.5111,19.9574","ENVELOPE(-81.6314,-79.5111,19.9574,19.0621)",
Central African Republic,,"14.46,2.27,27.37,11.14","ENVELOPE(14.46,27.37,11.14,2.27)",
Chad,,"13.54,7.42,23.89,23.41","ENVELOPE(13.54,23.89,23.41,7.42)",
Chile,,"-75.64,-55.61,-66.96,-17.58","ENVELOPE(-75.64,-66.96,-17.58,-55.61)",
China,,"73.68,18.2,135.03,53.46","ENVELOPE(73.68,135.03,53.46,18.2)",
"China, Hong Kong Special Administrative Region",Hong Kong,"114.108616,22.217464,114.240525,22.373538","ENVELOPE(114.108616,114.240525,22.373538,22.217464)",
"China, Macao Special Administrative Region",Macao,"113.528166,22.076667,113.630139,22.217036","ENVELOPE(113.528166,113.630139,22.217036,22.076667)",
Christmas Island,,"105.532694,-10.570593,105.712821,-10.41239","ENVELOPE(105.532694,105.712821,-10.41239,-10.570593)",
Cocos (Keeling) Islands,,"96.611577,-12.411883,97.134961,-11.621237","ENVELOPE(96.611577,97.134961,-11.621237,-12.411883)",
Colombia,,"-78.99,-4.3,-66.88,12.44","ENVELOPE(-78.99,-66.88,12.44,-4.3)",
Comoros,,"42.8262,-12.9854,44.9731,-11.1624","ENVELOPE(42.8262,44.9731,-11.1624,-12.9854)",
Congo,Republic of the Congo,"11.09,-5.04,18.45,3.73","ENVELOPE(11.09,18.45,3.73,-5.04)",
Cook Islands,,"-166.13,-22.16,-157.11,-8.72","ENVELOPE(-166.13,-157.11,-8.72,-22.16)",
Costa Rica,,"-85.94,8.23,-82.55,11.22","ENVELOPE(-85.94,-82.55,11.22,8.23)",
Côte d'Ivoire,,"-8.6,4.34,-2.56,10.52","ENVELOPE(-8.6,-2.56,10.52,4.34)",
Croatia,,"13.66,42.48,19.39,46.5","ENVELOPE(13.66,19.39,46.5,42.48)",
Cuba,,"-84.97,19.86,-74.18,23.19","ENVELOPE(-84.97,-74.18,23.19,19.86)",
Curaçao,,"-69.36735,11.777,-68.441335,12.592","ENVELOPE(-69.36735,-68.441335,12.592,11.777)",
Cyprus,,"32.26,34.57,34,35.17","ENVELOPE(32.26,34,35.17,34.57)",
Czech Republic,Czechia,"12.24,48.56,18.85,51.12","ENVELOPE(12.24,18.85,51.12,48.56)",
Democratic Republic of the Congo,DR Congo,"12.04,-13.46,31.31,5.39","ENVELOPE(12.04,31.31,5.39,-13.46)",
Denmark,,"8.09,54.8,12.69,57.73","ENVELOPE(8.09,12.69,57.73,54.8)",
Djibouti,,"41.66,10.93,43.32,12.7","ENVELOPE(41.66,43.32,12.7,10.93)",
Dominica,,"-61.686918,15.007421,-61.03299,15.787222","ENVELOPE(-61.686918,-61.03299,15.787222,15.007421)",
Dominican Republic,,"-71.95,17.6,-68.32,19.88","ENVELOPE(-71.95,-68.32,19.88,17.6)",
Ecuador,,"-80.97,-4.96,-75.23,1.38","ENVELOPE(-80.97,-75.23,1.38,-4.96)",
Egypt,,"24.7,22,36.87,31.59","ENVELOPE(24.7,36.87,31.59,22)",
El Salvador,,"-90.2089,12.9518,-87.5971,14.451","ENVELOPE(-90.2089,-87.5971,14.451,12.9518)",
Equatorial Guinea,,"9.31,1.01,11.29,2.28","ENVELOPE(9.31,11.29,2.28,1.01)",
Eritrea,,"36.32,12.46,43.08,18","ENVELOPE(36.32,43.08,18,12.46)",
Estonia,,"23.34,57.47,28.13,59.61","ENVELOPE(23.34,28.13,59.61,57.47)",
Kingdom of Eswatini,Eswatini,"30.7908,-27.3175,32.135,-25.7188","ENVELOPE(30.7908,32.135,-25.7188,-27.3175)",
Ethiopia,,"32.95,3.42,47.79,14.96","ENVELOPE(32.95,47.79,14.96,3.42)",
Falkland Islands,,"-61.2,-52.3,-57.75,-51.1","ENVELOPE(-61.2,-57.75,-51.1,-52.3)",
Falkland Islands (Malvinas),Falkland Islands,"-61.7727,-53.1187,-57.3662,-50.7973","ENVELOPE(-61.7727,-57.3662,-50.7973,-53.1187)",
Faroe Islands,,"-8.1188,61.1368,-5.8255,62.5958","ENVELOPE(-8.1188,-5.8255,62.5958,61.1368)",
Fiji,,"-179.99,-18.29,179.99,-16.02","ENVELOPE(-179.99,179.99,-16.02,-18.29)",
Finland,,"20.65,59.85,31.52,70.16","ENVELOPE(20.65,31.52,70.16,59.85)",
France,"France, Metropolitan","-54.52,2.05,9.56,51.15","ENVELOPE(-54.52,9.56,51.15,2.05)",
French Guiana,,"-54.6027,2.1109,-51.5045,5.9839","ENVELOPE(-54.6027,-51.5045,5.9839,2.1109)",
French Polynesia,,"-154.94,-28.1,-134.24,-7.66","ENVELOPE(-154.94,-134.24,-7.66,-28.1)",
French Southern and Antarctic Lands,,"68.72,-49.77,70.56,-48.62","ENVELOPE(68.72,70.56,-48.62,-49.77)",
Gabon,,"8.8,-3.98,14.43,2.33","ENVELOPE(8.8,14.43,2.33,-3.98)",
Gambia,,"-16.84,13.13,-13.84,13.88","ENVELOPE(-16.84,-13.84,13.88,13.13)",
Georgia,,"39.96,41.06,46.64,43.55","ENVELOPE(39.96,46.64,43.55,41.06)",
Germany,,"5.99,47.3,15.02,54.98","ENVELOPE(5.99,15.02,54.98,47.3)",
Ghana,,"-3.24,4.71,1.06,11.1","ENVELOPE(-3.24,1.06,11.1,4.71)",
Gibraltar,,"-5.400655,36.058755,-5.276661,36.155038","ENVELOPE(-5.400655,-5.276661,36.155038,36.058755)",
Greece,,"20.15,34.92,26.6,41.83","ENVELOPE(20.15,26.6,41.83,34.92)",
Greenland,,"-73.3,60.04,-12.21,83.65","ENVELOPE(-73.3,-12.21,83.65,60.04)",
Grenada,,"-62.007269,11.775905,-61.209502,12.609725","ENVELOPE(-62.007269,-61.209502,12.609725,11.775905)",
Guadeloupe,,"-62.018039,15.644411,-60.791984,16.714","ENVELOPE(-62.018039,-60.791984,16.714,15.644411)",
Guam,,"144.563426,13.182335,145.009167,13.706179","ENVELOPE(144.563426,145.009167,13.706179,13.182335)",
Guatemala,,"-92.23,13.74,-88.23,17.82","ENVELOPE(-92.23,-88.23,17.82,13.74)",
Guernsey,,"-3.020902,49.219875,-2.050278,49.9403","ENVELOPE(-3.020902,-2.050278,49.9403,49.219875)",
Guinea,,"-15.13,7.31,-7.83,12.59","ENVELOPE(-15.13,-7.83,12.59,7.31)",
Guinea Bissau,Guinea-Bissau,"-16.68,11.04,-13.7,12.63","ENVELOPE(-16.68,-13.7,12.63,11.04)",
Guyana,,"-61.41,1.27,-56.54,8.37","ENVELOPE(-61.41,-56.54,8.37,1.27)",
Haiti,,"-74.46,18.03,-71.62,19.92","ENVELOPE(-74.46,-71.62,19.92,18.03)",
Heard Island and McDonald Islands,,"72.2462,-53.3947,74.2045,-52.7031","ENVELOPE(72.2462,74.2045,-52.7031,-53.3947)",
Holy See,,"12.4457877874,41.9002045694,12.4583572894,41.9073829446","ENVELOPE(12.4457877874,12.4583572894,41.9073829446,41.9002045694)",
Honduras,,"-89.35,12.98,-83.15,16.01","ENVELOPE(-89.35,-83.15,16.01,12.98)",
Hungary,,"16.2,45.76,22.71,48.62","ENVELOPE(16.2,22.71,48.62,45.76)",
Iceland,,"-24.33,63.5,-13.61,66.53","ENVELOPE(-24.33,-13.61,66.53,63.5)",
India,,"68.18,7.97,97.4,35.49","ENVELOPE(68.18,97.4,35.49,7.97)",
Indonesia,,"95.29,-10.36,141.03,5.48","ENVELOPE(95.29,141.03,5.48,-10.36)",
Iran,Iran (Islamic Republic of),"44.11,25.08,63.32,39.71","ENVELOPE(44.11,63.32,39.71,25.08)",
Iraq,,"38.79,29.1,48.57,37.39","ENVELOPE(38.79,48.57,37.39,29.1)",
Ireland,,"-9.98,51.67,-6.03,55.13","ENVELOPE(-9.98,-6.03,55.13,51.67)",
Isle of Man,,"-5.1707,53.845,-3.9654,54.5534","ENVELOPE(-5.1707,-3.9654,54.5534,53.845)",
Israel,,"34.27,29.5,35.84,33.28","ENVELOPE(34.27,35.84,33.28,29.5)",
Italy,,"6.75,36.62,18.48,47.12","ENVELOPE(6.75,18.48,47.12,36.62)",
Jamaica,,"-78.34,17.7,-76.2,18.52","ENVELOPE(-78.34,-76.2,18.52,17.7)",
Japan,,"129.41,31.03,145.54,45.55","ENVELOPE(129.41,145.54,45.55,31.03)",
Jersey,,"-2.257605,49.162392,-2.017279,49.262868","ENVELOPE(-2.257605,-2.017279,49.262868,49.162392)",
Jordan,,"34.92,29.2,39.2,33.38","ENVELOPE(34.92,39.2,33.38,29.2)",
Kazakhstan,,"46.47,40.66,87.36,55.39","ENVELOPE(46.47,87.36,55.39,40.66)",
Kenya,,"33.89,-4.68,41.86,5.51","ENVELOPE(33.89,41.86,5.51,-4.68)",
Kiribati,,"169.32,-11.65,-149.99,4.9","MULTIPOLYGON (((169.32 -11.65,180 -11.65,180 4.9,169.32 4.9,169.32 -11.65)),((-180 -11.65,-149.99 -11.65,-149.99 4.9,-180 4.9,-180 -11.65)))",
Kosovo,,"20.0143,41.8576,21.7899,43.2733","ENVELOPE(20.0143,21.7899,43.2733,41.8576)",
Kuwait,,"46.57,28.53,48.42,30.06","ENVELOPE(46.57,48.42,30.06,28.53)",
Kyrgyzstan,,"69.46,39.28,80.26,43.3","ENVELOPE(69.46,80.26,43.3,39.28)",
Laos,Lao People's Democratic Republic,"100.12,13.88,107.56,22.46","ENVELOPE(100.12,107.56,22.46,13.88)",
Latvia,,"21.06,55.62,28.18,57.97","ENVELOPE(21.06,28.18,57.97,55.62)",
Lebanon,,"35.13,33.09,36.61,34.64","ENVELOPE(35.13,36.61,34.64,33.09)",
Lesotho,,"27,-30.65,29.33,-28.65","ENVELOPE(27,29.33,-28.65,-30.65)",
Liberia,,"-11.44,4.36,-7.54,8.54","ENVELOPE(-11.44,-7.54,8.54,4.36)",
Libya,,"9.32,19.58,25.16,33.14","ENVELOPE(9.32,25.16,33.14,19.58)",
Liechtenstein,,"9.471673,47.048429,9.635714,47.270581","ENVELOPE(9.471673,9.635714,47.270581,47.048429)",
Lithuania,,"21.06,53.91,26.59,56.37","ENVELOPE(21.06,26.59,56.37,53.91)",
Luxembourg,,"5.67,49.44,6.24,50.13","ENVELOPE(5.67,6.24,50.13,49.44)",
Macedonia,North Macedonia,"20.46,40.84,22.95,42.32","ENVELOPE(20.46,22.95,42.32,40.84)",
Madagascar,,"43.25,-25.6,50.48,-12.04","ENVELOPE(43.25,50.48,-12.04,-25.6)",
Malawi,,"32.69,-16.8,35.77,-9.23","ENVELOPE(32.69,35.77,-9.23,-16.8)",
Malaysia,,"100.09,0.77,119.18,6.93","ENVELOPE(100.09,119.18,6.93,0.77)",
Maldives,,"72.3554,-0.9075,73.9701,7.3106","ENVELOPE(72.3554,73.9701,7.3106,-0.9075)",
Mali,,"-12.17,10.1,4.27,24.97","ENVELOPE(-12.17,4.27,24.97,10.1)",
Malta,,"13.936045,35.585392,14.822786,36.282546","ENVELOPE(13.936045,14.822786,36.282546,35.585392)",
Marshall Islands,,"160.59,4.37,172.37,14.92","ENVELOPE(160.59,172.37,14.92,4.37)",
Martinique,,"-61.435505,14.221738,-60.602281,15.079503","ENVELOPE(-61.435505,-60.602281,15.079503,14.221738)",
Mauritania,,"-17.06,14.62,-4.92,27.4","ENVELOPE(-17.06,-4.92,27.4,14.62)",
Mauritius,,"56.38,-20.72,63.72,-10.14","ENVELOPE(56.38,63.72,-10.14,-20.72)",
Mayotte,,"44.743667,-13.273255,45.507034,-12.379027","ENVELOPE(44.743667,45.507034,-12.379027,-13.273255)",
Mexico,,"-117.13,14.54,-86.81,32.72","ENVELOPE(-117.13,-86.81,32.72,14.54)",
Micronesia (Federated States of),Micronesia,"137.13,0.82,163.24,10.29","ENVELOPE(137.13,163.24,10.29,0.82)",
Moldova,Republic of Moldova,"26.62,45.49,30.02,48.47","ENVELOPE(26.62,30.02,48.47,45.49)",
Monaco,,"7.409028,43.516536,7.532991,43.751931","ENVELOPE(7.409028,7.532991,43.751931,43.516536)",
Mongolia,,"87.75,41.6,119.77,52.05","ENVELOPE(87.75,119.77,52.05,41.6)",
Montenegro,,"18.45,41.88,20.34,43.52","ENVELOPE(18.45,20.34,43.52,41.88)",
Montserrat,,"-62.450243,16.473764,-61.935998,16.888516","ENVELOPE(-62.450243,-61.935998,16.888516,16.473764)",
Morocco,,"-17.02,21.42,-1.12,35.76","ENVELOPE(-17.02,-1.12,35.76,21.42)",
Mozambique,,"30.18,-26.74,40.78,-10.32","ENVELOPE(30.18,40.78,-10.32,-26.74)",
Myanmar,,"92.3,9.93,101.18,28.34","ENVELOPE(92.3,101.18,28.34,9.93)",
Namibia,,"11.73,-29.05,25.08,-16.94","ENVELOPE(11.73,25.08,-16.94,-29.05)",
Nauru,,"166.709986,-0.753,167.15973,-0.303","ENVELOPE(166.709986,167.15973,-0.303,-0.753)",
Nepal,,"80.09,26.4,88.17,30.42","ENVELOPE(80.09,88.17,30.42,26.4)",
Netherlands,,"3.31,50.8,7.09,53.51","ENVELOPE(3.31,7.09,53.51,50.8)",
New Caledonia,,"164.03,-22.4,167.12,-20.11","ENVELOPE(164.03,167.12,-20.11,-22.4)",
New Zealand,,"166.51,-46.64,178.52,-34.45","ENVELOPE(166.51,178.52,-34.45,-46.64)",
Nicaragua,,"-87.67,10.73,-83.15,15.02","ENVELOPE(-87.67,-83.15,15.02,10.73)",
Niger,,"0.3,11.66,15.9,23.47","ENVELOPE(0.3,15.9,23.47,11.66)",
Nigeria,,"2.69,4.24,14.58,13.87","ENVELOPE(2.69,14.58,13.87,4.24)",
Niue,,"-170.159503,-19.354866,-169.564723,-18.753456","ENVELOPE(-170.159503,-169.564723,-18.753456,-19.354866)",
Norfolk Island,,"167.685673,-29.337069,168.226126,-28.793662","ENVELOPE(167.685673,168.226126,-28.793662,-29.337069)",
North Korea,Democratic People's Republic of Korea,"124.27,37.67,130.78,42.99","ENVELOPE(124.27,130.78,42.99,37.67)",
Northern Mariana Islands,,"144.8133,14.0366,146.1544,20.6166","ENVELOPE(144.8133,146.1544,20.6166,14.0366)",
Norway,,"4.99,58.08,31.29,80.66","ENVELOPE(4.99,31.29,80.66,58.08)",
Oman,,"52,16.65,59.81,26.4","ENVELOPE(52,59.81,26.4,16.65)",
Pakistan,,"60.87,23.69,77.84,37.13","ENVELOPE(60.87,77.84,37.13,23.69)",
Palau,Belau,"130.9194,2.5958,134.9295,8.4058","ENVELOPE(130.9194,134.9295,8.4058,2.5958)",
Palestine,State of Palestine,"34.218002,31.223963,35.572357,32.552052","ENVELOPE(34.218002,35.572357,32.552052,31.223963)",
Panama,,"-82.97,7.22,-77.24,9.61","ENVELOPE(-82.97,-77.24,9.61,7.22)",
Papua New Guinea,,"141,-10.65,156.02,-2.5","ENVELOPE(141,156.02,-2.5,-10.65)",
Paraguay,,"-62.69,-27.55,-54.29,-19.34","ENVELOPE(-62.69,-54.29,-19.34,-27.55)",
Peru,,"-81.41,-18.35,-68.67,-0.06","ENVELOPE(-81.41,-68.67,-0.06,-18.35)",
Philippines,,"117.17,5.58,126.54,18.51","ENVELOPE(117.17,126.54,18.51,5.58)",
Pitcairn,,"-130.9747,-25.2802,-124.5518,-23.707","ENVELOPE(-130.9747,-124.5518,-23.707,-25.2802)",
Poland,,"14.07,49.03,24.03,54.85","ENVELOPE(14.07,24.03,54.85,49.03)",
Portugal,,"-9.53,36.84,-6.39,42.28","ENVELOPE(-9.53,-6.39,42.28,36.84)",
Puerto Rico,,"-67.24,17.95,-65.59,18.52","ENVELOPE(-67.24,-65.59,18.52,17.95)",
Qatar,,"50.74,24.56,51.61,26.11","ENVELOPE(50.74,51.61,26.11,24.56)",
Réunion,La Réunion,"55.003281,-21.590446,56.05079,-20.672764","ENVELOPE(55.003281,56.05079,-20.672764,-21.590446)",
Romania,,"20.22,43.69,29.63,48.22","ENVELOPE(20.22,29.63,48.22,43.69)",
Russia,Russian Federation,"-179.99,41.15,179.99,81.25","ENVELOPE(-179.99,179.99,81.25,41.15)",
Rwanda,,"29.02,-2.92,30.82,-1.13","ENVELOPE(29.02,30.82,-1.13,-2.92)",
Saint Barthélemy,,"-63.06639,17.670931,-62.584402,18.137557","ENVELOPE(-63.06639,-62.584402,18.137557,17.670931)",
Saint Helena,,"-5.997343,-16.23,-5.423416,-15.704","ENVELOPE(-5.997343,-5.423416,-15.704,-16.23)",
Saint Kitts and Nevis,,"-63.04911,16.892623,-62.374187,17.617055","ENVELOPE(-63.04911,-62.374187,17.617055,16.892623)",
Saint Lucia,,"-61.285562,13.506075,-60.664045,14.2725","ENVELOPE(-61.285562,-60.664045,14.2725,13.506075)",
Saint Martin,,"-63.360565,17.896354,-62.764406,18.190278","ENVELOPE(-63.360565,-62.764406,18.190278,17.896354)",
Saint Pierre and Miquelon,,"-56.697463,46.548831,-55.906644,47.34158","ENVELOPE(-56.697463,-55.906644,47.34158,46.548831)",
Saint Vincent and the Grenadines,,"-61.6646,12.3984,-60.9088,13.5843","ENVELOPE(-61.6646,-60.9088,13.5843,12.3984)",
Samoa,,"-173.009187,-14.277091,-171.192923,-13.238189","ENVELOPE(-173.009187,-171.192923,-13.238189,-14.277091)",
San Marino,,"12.403324,43.893633,12.516202,43.992093","ENVELOPE(12.403324,12.516202,43.992093,43.893633)",
Sao Tome and Principe,,"6.2606,-0.2135,7.6705,1.9258","ENVELOPE(6.2606,7.6705,1.9258,-0.2135)",
Saudi Arabia,,"34.63,16.35,55.67,32.16","ENVELOPE(34.63,55.67,32.16,16.35)",
Senegal,,"-17.63,12.33,-11.47,16.6","ENVELOPE(-17.63,-11.47,16.6,12.33)",
Serbia,,"18.83,42.25,22.99,46.17","ENVELOPE(18.83,22.99,46.17,42.25)",
Seychelles,Republic of Seychelles,"5.9559,45.818,10.4921,47.8084","ENVELOPE(5.9559,10.4921,47.8084,45.818)",
Sierra Leone,,"-13.25,6.79,-10.23,10.05","ENVELOPE(-13.25,-10.23,10.05,6.79)",
Singapore,,"103.566667,1.130361,104.571669,1.514319","ENVELOPE(103.566667,104.571669,1.514319,1.130361)",
Sint Maarten,,"-63.268812,17.806209,-62.949445,18.063986","ENVELOPE(-63.268812,-62.949445,18.063986,17.806209)",
Slovakia,,"16.88,47.76,22.56,49.57","ENVELOPE(16.88,22.56,49.57,47.76)",
Slovenia,,"13.7,45.45,16.56,46.85","ENVELOPE(13.7,16.56,46.85,45.45)",
Solomon Islands,,"156.49,-10.83,162.4,-6.6","ENVELOPE(156.49,162.4,-6.6,-10.83)",
Somalia,,"40.98,-1.68,51.13,12.02","ENVELOPE(40.98,51.13,12.02,-1.68)",
South Africa,,"16.34,-34.82,32.83,-22.09","ENVELOPE(16.34,32.83,-22.09,-34.82)",
South Georgia and the South Sandwich Islands,,"-42.36,-59.67,-25.89,-53.35","ENVELOPE(-42.36,-25.89,-53.35,-59.67)",
South Korea,Republic of Korea,"126.12,34.39,129.47,38.61","ENVELOPE(126.12,129.47,38.61,34.39)",
South Sudan,,"23.89,3.51,35.3,12.25","ENVELOPE(23.89,35.3,12.25,3.51)",
Spain,,"-9.39,35.95,3.04,43.75","ENVELOPE(-9.39,3.04,43.75,35.95)",
Sri Lanka,,"79.7,5.97,81.79,9.82","ENVELOPE(79.7,81.79,9.82,5.97)",
Sudan,,"21.94,8.62,38.41,22","ENVELOPE(21.94,38.41,22,8.62)",
Suriname,,"-58.04,1.82,-53.96,6.03","ENVELOPE(-58.04,-53.96,6.03,1.82)",
Svalbard and Jan Mayen Islands,,"-9.15,70.7,34.69,81.03","ENVELOPE(-9.15,34.69,81.03,70.7)",
Swaziland,,"30.68,-27.29,32.07,-25.66","ENVELOPE(30.68,32.07,-25.66,-27.29)",
Sweden,,"11.03,55.36,23.9,69.11","ENVELOPE(11.03,23.9,69.11,55.36)",
Switzerland,,"6.02,45.78,10.44,47.83","ENVELOPE(6.02,10.44,47.83,45.78)",
Syria,Syrian Arab Republic,"35.7,32.31,42.35,37.23","ENVELOPE(35.7,42.35,37.23,32.31)",
Taiwan,Taiwan (Province of China),"120.11,21.97,121.95,25.3","ENVELOPE(120.11,121.95,25.3,21.97)",
Tajikistan,,"67.44,36.74,74.98,40.96","ENVELOPE(67.44,74.98,40.96,36.74)",
Tanzania,United Republic of Tanzania,"29.34,-11.72,40.32,-0.95","ENVELOPE(29.34,40.32,-0.95,-11.72)",
Thailand,,"97.38,5.69,105.59,20.42","ENVELOPE(97.38,105.59,20.42,5.69)",
Timor-Leste,,"124.97,-9.39,127.34,-8.27","ENVELOPE(124.97,127.34,-8.27,-9.39)",
Togo,,"-0.05,5.93,1.87,11.02","ENVELOPE(-0.05,1.87,11.02,5.93)",
Tokelau,,"-172.7237,-9.6461,-170.9777,-8.3305","ENVELOPE(-172.7237,-170.9777,-8.3305,-9.6461)",
Tonga,,"-179.395,-24.1635,-173.5295,-15.3656","ENVELOPE(-179.395,-173.5295,-15.3656,-24.1635)",
Trinidad and Tobago,,"-61.95,10,-60.9,10.89","ENVELOPE(-61.95,-60.9,10.89,10)",
Tunisia,,"7.52,30.31,11.49,37.35","ENVELOPE(7.52,11.49,37.35,30.31)",
Turkey,Türkiye,"26.04,35.82,44.79,42.14","ENVELOPE(26.04,44.79,42.14,35.82)",
Turkmenistan,,"52.5,35.27,66.55,42.75","ENVELOPE(52.5,66.55,42.75,35.27)",
Turks and Caicos Islands,,"-72.6799,20.9553,-70.8644,22.1631","ENVELOPE(-72.6799,-70.8644,22.1631,20.9553)",
Tuvalu,,"175.8532,-10.9939,-179.9258,-5.437","MULTIPOLYGON (((175.8532 -10.9939,180 -10.9939,180 -5.437,175.8532 -5.437,175.8532 -10.9939)),((-180 -10.9939,-179.9258 -10.9939,-179.9258 -5.437,-180 -5.437,-180 -10.9939)))",
Uganda,,"29.58,-1.44,35.04,4.25","ENVELOPE(29.58,35.04,4.25,-1.44)",
Ukraine,,"22.09,44.36,40.08,52.34","ENVELOPE(22.09,40.08,52.34,44.36)",
United Arab Emirates,,"51.58,22.5,56.4,26.06","ENVELOPE(51.58,56.4,26.06,22.5)",
United Kingdom,,"-7.57,49.96,1.68,58.64","ENVELOPE(-7.57,1.68,58.64,49.96)",
United States,,"-171.79,18.92,-66.96,71.36","ENVELOPE(-171.79,-66.96,71.36,18.92)",
United States Virgin Islands,,"-65.154118,17.623468,-64.512674,18.464984","ENVELOPE(-65.154118,-64.512674,18.464984,17.623468)",
Uruguay,,"-58.43,-34.95,-53.21,-30.11","ENVELOPE(-58.43,-53.21,-30.11,-34.95)",
Uzbekistan,,"55.93,37.14,73.06,45.59","ENVELOPE(55.93,73.06,45.59,37.14)",
Vanuatu,,"166.63,-16.6,167.84,-14.63","ENVELOPE(166.63,167.84,-14.63,-16.6)",
Venezuela (Bolivarian Republic of),Venezuela,"-73.3,0.72,-59.76,12.16","ENVELOPE(-73.3,-59.76,12.16,0.72)",
Vietnam,Viet Nam,"102.17,8.6,109.34,23.35","ENVELOPE(102.17,109.34,23.35,8.6)",
Wallis and Futuna Islands,,"-178.3874,-14.5631,-175.919,-12.9828","ENVELOPE(-178.3874,-175.919,-12.9828,-14.5631)",
West Bank,,"34.93,31.35,35.55,32.53","ENVELOPE(34.93,35.55,32.53,31.35)",
Western Sahara,,"-17.319,20.6673,-8.6663,27.6706","ENVELOPE(-17.319,-8.6663,27.6706,20.6673)",
World,,"-179.99,-89.99,179.99,89.99","ENVELOPE(-179.99,179.99,89.99,-89.99)",
Yemen,,"42.6,12.59,53.11,19","ENVELOPE(42.6,53.11,19,12.59)",
Zambia,,"21.89,-17.96,33.49,-8.24","ENVELOPE(21.89,33.49,-8.24,-17.96)",
Zimbabwe,,"25.26,-22.27,32.85,-15.51","ENVELOPE(25.26,32.85,-15.51,-22.27)",
UK Scotland,Scotland,"-14.02,54.43,-0.32,61.06","ENVELOPE(-14.02,-0.32,61.06,54.43)",
UK Wales,Wales,"-5.8077,51.229,-2.6499,53.635","ENVELOPE(-5.8077,-2.6499,53.635,51.229)",
