ID,distribution_title,url,format,reason
e21d9b8054eb4263ad718ac31ecfbb1c,Project Website,https://www.dnr.state.mn.us/whaf/index.html,,Unclassified source link; review required
e21d9b8054eb4263ad718ac31ecfbb1c_0,Project Website,https://www.dnr.state.mn.us/whaf/index.html,,Unclassified source link; review required
e21d9b8054eb4263ad718ac31ecfbb1c_1,Project Website,https://www.dnr.state.mn.us/whaf/index.html,,Unclassified source link; review required
e21d9b8054eb4263ad718ac31ecfbb1c_2,Project Website,https://www.dnr.state.mn.us/whaf/index.html,,Unclassified source link; review required
e21d9b8054eb4263ad718ac31ecfbb1c_3,Project Website,https://www.dnr.state.mn.us/whaf/index.html,,Unclassified source link; review required
f539d6789ad7489fb3866bdf2396fe24_0,,https://gis.data.mn.gov/datasets/minnesota::fire-departments-in-the-metropolitan-emergency-services-board-10-county-region-minnesota/about,,Unclassified source link; review required
a67f5fc2f5cd4eaab86697ad89ff9e8f_0,,https://gis.data.mn.gov/datasets/a67f5fc2f5cd4eaab86697ad89ff9e8f_0/explore?location=46.655000%2C-93.430000%2C9/explore?location=46.586148%2C-93.423485%2C9.56,,Unclassified source link; review required
5f4bc177747c4e1b9e75300314d5fd4a_0,,https://gis.data.mn.gov/datasets/minnesota::mpca-wastewater-program-groundwater-monitoring-sites/about,,Unclassified source link; review required
fd89ea84b8b142e8871ba409db8c10b0_0,,https://gis.data.mn.gov/datasets/minnesota::wastewater-facilities-in-minnesota/about,,Unclassified source link; review required
86ec22a22b9b46f6b1172dbf659b72c3_0,,https://gis.data.mn.gov/datasets/minnesota::areas-served-by-wastewater-facilities-in-minnesota/about,,Unclassified source link; review required
00d66d2869624d11ad44b12a4fd17079_0,,https://gis.data.mn.gov/datasets/minnesota::subsurface-sewage-treatment-system-ssts-licensed-businesses/about,,Unclassified source link; review required
3b42527d3e6e43cf9213edac1a2448c0_0,,https://gis.data.mn.gov/datasets/minnesota::water-quality-stressors-identified/about,,Unclassified source link; review required
53bfdc20c89a4aff863706b8cc0a8d0a,,https://gis.data.mn.gov/maps/minnesota::mpca-remediation-sites/about,,Unclassified source link; review required
53bfdc20c89a4aff863706b8cc0a8d0a_0,,https://gis.data.mn.gov/maps/minnesota::mpca-remediation-sites/about,,Unclassified source link; review required
53bfdc20c89a4aff863706b8cc0a8d0a_1,,https://gis.data.mn.gov/maps/minnesota::mpca-remediation-sites/about,,Unclassified source link; review required
53bfdc20c89a4aff863706b8cc0a8d0a_2,,https://gis.data.mn.gov/maps/minnesota::mpca-remediation-sites/about,,Unclassified source link; review required
b1b799f314e643ee9dc72b5de2e26f92_0,,https://gis.data.mn.gov/datasets/minnesota::mpca-agency-interests/about,,Unclassified source link; review required
d795914803964a0f829e582db699b988,,https://gis.data.mn.gov/maps/minnesota::minnesota-groundwater-contamination-atlas/about,,Unclassified source link; review required
d795914803964a0f829e582db699b988_0,,https://gis.data.mn.gov/maps/minnesota::minnesota-groundwater-contamination-atlas/about,,Unclassified source link; review required
d795914803964a0f829e582db699b988_1,,https://gis.data.mn.gov/maps/minnesota::minnesota-groundwater-contamination-atlas/about,,Unclassified source link; review required
d795914803964a0f829e582db699b988_2,,https://gis.data.mn.gov/maps/minnesota::minnesota-groundwater-contamination-atlas/about,,Unclassified source link; review required
d795914803964a0f829e582db699b988_3,,https://gis.data.mn.gov/maps/minnesota::minnesota-groundwater-contamination-atlas/about,,Unclassified source link; review required
d795914803964a0f829e582db699b988_4,,https://gis.data.mn.gov/maps/minnesota::minnesota-groundwater-contamination-atlas/about,,Unclassified source link; review required
d795914803964a0f829e582db699b988_5,,https://gis.data.mn.gov/maps/minnesota::minnesota-groundwater-contamination-atlas/about,,Unclassified source link; review required
5571979c204445a9ae1feb54f6754856_0,,https://gis.data.mn.gov/datasets/minnesota::land-application-sites-in-minnesota/about,,Unclassified source link; review required
2c400e1228ed40fa84ebd24179308567_0,,https://www.health.state.mn.us/facilities/regulation/directory/providersearch.html,,Unclassified source link; review required
2c400e1228ed40fa84ebd24179308567_0,MDH Provider Search,https://www.health.state.mn.us/facilities/regulation/directory/providersearch.html,,Unclassified source link; review required
41f4f6cb72774b26ad965fd86dad1ecb_0,,https://gis.data.mn.gov/datasets/41f4f6cb72774b26ad965fd86dad1ecb_0/explore?location=47.565000%2C-91.410000%2C9,,Unclassified source link; review required
5096b16ebcba4370bacf075bde54b59d_0,,https://gis.data.mn.gov/datasets/5096b16ebcba4370bacf075bde54b59d_0/explore?location=47.567248%2C-91.410947%2C9,,Unclassified source link; review required
cdf42e82be414490a39212bfaf4a2ea8_0,,https://gis.data.mn.gov/datasets/cdf42e82be414490a39212bfaf4a2ea8_0/explore?location=47.565000%2C-91.410000%2C9,,Unclassified source link; review required
159d8ed72f3a4086aa781025042f6e27_0,,https://gis.data.mn.gov/datasets/minnesota::msag-communities-in-the-metropolitan-emergency-services-board-10-county-region-minnesota/about,,Unclassified source link; review required
cdc81f5d696046b38a598d53fb50be44_0,,https://gis.data.mn.gov/datasets/minnesota::minnesota-state-patrol-and-text-to-9-1-1-in-the-metropolitan-emergency-services-board-10-county-region-minnesota/about,,Unclassified source link; review required
6c2c813b33144d49ba993bd86b3a58ba_0,,https://gis.data.mn.gov/datasets/6c2c813b33144d49ba993bd86b3a58ba_0,,Unclassified source link; review required
4cbf24e9338144a9be5dda3d1b24b427_0,,https://gis.data.mn.gov/datasets/minnesota::comprehensive-stream-wids/about,,Unclassified source link; review required
11235b11bdf4406a8ad1cc85b2add694_0,,https://gis.data.mn.gov/datasets/minnesota::comprehensive-stream-wids/about,,Unclassified source link; review required
46bd4a1aec66400fa4378c1497ce6fd2,,https://gis.data.mn.gov/maps/minnesota::statewide-altered-watercourse-project/about,,Unclassified source link; review required
46bd4a1aec66400fa4378c1497ce6fd2_0,,https://gis.data.mn.gov/maps/minnesota::statewide-altered-watercourse-project/about,,Unclassified source link; review required
46bd4a1aec66400fa4378c1497ce6fd2_1,,https://gis.data.mn.gov/maps/minnesota::statewide-altered-watercourse-project/about,,Unclassified source link; review required
46bd4a1aec66400fa4378c1497ce6fd2_2,,https://gis.data.mn.gov/maps/minnesota::statewide-altered-watercourse-project/about,,Unclassified source link; review required
46bd4a1aec66400fa4378c1497ce6fd2_3,,https://gis.data.mn.gov/maps/minnesota::statewide-altered-watercourse-project/about,,Unclassified source link; review required
46bd4a1aec66400fa4378c1497ce6fd2_4,,https://gis.data.mn.gov/maps/minnesota::statewide-altered-watercourse-project/about,,Unclassified source link; review required
46bd4a1aec66400fa4378c1497ce6fd2_5,,https://gis.data.mn.gov/maps/minnesota::statewide-altered-watercourse-project/about,,Unclassified source link; review required
1fdbf3a401514416a054c06ba4db1381,,https://gis.data.mn.gov/datasets/minnesota::municipal-separate-storm-sewer-system-ms4-boundaries-in-minnesota/about,,Unclassified source link; review required
1fdbf3a401514416a054c06ba4db1381_0,,https://gis.data.mn.gov/datasets/minnesota::municipal-separate-storm-sewer-system-ms4-boundaries-in-minnesota/about,,Unclassified source link; review required
1fdbf3a401514416a054c06ba4db1381_1,,https://gis.data.mn.gov/datasets/minnesota::municipal-separate-storm-sewer-system-ms4-boundaries-in-minnesota/about,,Unclassified source link; review required
05bdf93c41f843ca867236c6f7190297,Buffer Map Viewing Application,https://buffers-viewer.dnr.state.mn.us,,Unclassified source link; review required
05bdf93c41f843ca867236c6f7190297_0,Buffer Map Viewing Application,https://buffers-viewer.dnr.state.mn.us,,Unclassified source link; review required
05bdf93c41f843ca867236c6f7190297_1,Buffer Map Viewing Application,https://buffers-viewer.dnr.state.mn.us,,Unclassified source link; review required
05bdf93c41f843ca867236c6f7190297_2,Buffer Map Viewing Application,https://buffers-viewer.dnr.state.mn.us,,Unclassified source link; review required
1fdbf3a401514416a054c06ba4db1381_2,,https://gis.data.mn.gov/datasets/minnesota::municipal-separate-storm-sewer-system-ms4-boundaries-in-minnesota/about,,Unclassified source link; review required
cf46049850324b138ebcfba163ee78f9_0,,https://gis.data.mn.gov/datasets/minnesota::surface-water-stations-mpca-environmental-data-access/about,,Unclassified source link; review required
cf46049850324b138ebcfba163ee78f9_0,MPCA Surface Water Data search,https://webapp.pca.state.mn.us/surface-water/search,,Unclassified source link; review required
1b49ef6a4a924c3588b129a7b3f19c09_0,,https://gis.data.mn.gov/datasets/minnesota::mpca-air-quality-permits-1/about,,Unclassified source link; review required
1b49ef6a4a924c3588b129a7b3f19c09_0,MPCA Air Permits Homepage,https://www.pca.state.mn.us/business-with-us/air-permits,,Unclassified source link; review required
003d90ad2eff4935a6ae7b6e47be0812_0,,https://gis.data.mn.gov/search?groupIds=089f6749068d471ab8129436191a447c,,Unclassified source link; review required
a1145fc92d314c1ba4d71fa35b4af873,Emerald Ash Borer Activities in MN URL,http://gis.mda.state.mn.us/arcgis/rest/services/MN_Agriculture_EAB_Detection/MapServer,,Unclassified source link; review required
a1145fc92d314c1ba4d71fa35b4af873_0,Emerald Ash Borer Activities in MN URL,http://gis.mda.state.mn.us/arcgis/rest/services/MN_Agriculture_EAB_Detection/MapServer,,Unclassified source link; review required
a1145fc92d314c1ba4d71fa35b4af873_1,Emerald Ash Borer Activities in MN URL,http://gis.mda.state.mn.us/arcgis/rest/services/MN_Agriculture_EAB_Detection/MapServer,,Unclassified source link; review required
a1145fc92d314c1ba4d71fa35b4af873_2,Emerald Ash Borer Activities in MN URL,http://gis.mda.state.mn.us/arcgis/rest/services/MN_Agriculture_EAB_Detection/MapServer,,Unclassified source link; review required
a1145fc92d314c1ba4d71fa35b4af873_3,Emerald Ash Borer Activities in MN URL,http://gis.mda.state.mn.us/arcgis/rest/services/MN_Agriculture_EAB_Detection/MapServer,,Unclassified source link; review required
a1145fc92d314c1ba4d71fa35b4af873_4,Emerald Ash Borer Activities in MN URL,http://gis.mda.state.mn.us/arcgis/rest/services/MN_Agriculture_EAB_Detection/MapServer,,Unclassified source link; review required
a1145fc92d314c1ba4d71fa35b4af873_5,Emerald Ash Borer Activities in MN URL,http://gis.mda.state.mn.us/arcgis/rest/services/MN_Agriculture_EAB_Detection/MapServer,,Unclassified source link; review required
a1145fc92d314c1ba4d71fa35b4af873_6,Emerald Ash Borer Activities in MN URL,http://gis.mda.state.mn.us/arcgis/rest/services/MN_Agriculture_EAB_Detection/MapServer,,Unclassified source link; review required
a1145fc92d314c1ba4d71fa35b4af873_7,Emerald Ash Borer Activities in MN URL,http://gis.mda.state.mn.us/arcgis/rest/services/MN_Agriculture_EAB_Detection/MapServer,,Unclassified source link; review required
a1145fc92d314c1ba4d71fa35b4af873_8,Emerald Ash Borer Activities in MN URL,http://gis.mda.state.mn.us/arcgis/rest/services/MN_Agriculture_EAB_Detection/MapServer,,Unclassified source link; review required
138898ddbc5d4eadb4c884c61f8ebf28,Agricultural Chemical Incidents URL,http://gis.mda.state.mn.us/arcgis/rest/services/MN_Agriculture_AgChem/MapServer,,Unclassified source link; review required
138898ddbc5d4eadb4c884c61f8ebf28_0,Agricultural Chemical Incidents URL,http://gis.mda.state.mn.us/arcgis/rest/services/MN_Agriculture_AgChem/MapServer,,Unclassified source link; review required
138898ddbc5d4eadb4c884c61f8ebf28_1,Agricultural Chemical Incidents URL,http://gis.mda.state.mn.us/arcgis/rest/services/MN_Agriculture_AgChem/MapServer,,Unclassified source link; review required
138898ddbc5d4eadb4c884c61f8ebf28_2,Agricultural Chemical Incidents URL,http://gis.mda.state.mn.us/arcgis/rest/services/MN_Agriculture_AgChem/MapServer,,Unclassified source link; review required
138898ddbc5d4eadb4c884c61f8ebf28_3,Agricultural Chemical Incidents URL,http://gis.mda.state.mn.us/arcgis/rest/services/MN_Agriculture_AgChem/MapServer,,Unclassified source link; review required
138898ddbc5d4eadb4c884c61f8ebf28_4,Agricultural Chemical Incidents URL,http://gis.mda.state.mn.us/arcgis/rest/services/MN_Agriculture_AgChem/MapServer,,Unclassified source link; review required
0ca73db3a26d47459994b20dcd302ddc,,https://gis.data.mn.gov/maps/minnesota::outstanding-resource-value-waters/about,,Unclassified source link; review required
0ca73db3a26d47459994b20dcd302ddc_0,,https://gis.data.mn.gov/maps/minnesota::outstanding-resource-value-waters/about,,Unclassified source link; review required
0ca73db3a26d47459994b20dcd302ddc_1,,https://gis.data.mn.gov/maps/minnesota::outstanding-resource-value-waters/about,,Unclassified source link; review required
0ca73db3a26d47459994b20dcd302ddc_2,,https://gis.data.mn.gov/maps/minnesota::outstanding-resource-value-waters/about,,Unclassified source link; review required
0ca73db3a26d47459994b20dcd302ddc_3,,https://gis.data.mn.gov/maps/minnesota::outstanding-resource-value-waters/about,,Unclassified source link; review required
d026d4e074bc4edf9eac0101f92d61f6,,http://deli.dnr.state.mn.us/,,Unclassified source link; review required
d026d4e074bc4edf9eac0101f92d61f6_0,,http://deli.dnr.state.mn.us/,,Unclassified source link; review required
d026d4e074bc4edf9eac0101f92d61f6_1,,http://deli.dnr.state.mn.us/,,Unclassified source link; review required
d026d4e074bc4edf9eac0101f92d61f6_2,,http://deli.dnr.state.mn.us/,,Unclassified source link; review required
76e82e4ee5414c5aa362fedfbe019cae,,http://deli.dnr.state.mn.us,,Unclassified source link; review required
76e82e4ee5414c5aa362fedfbe019cae_0,,http://deli.dnr.state.mn.us,,Unclassified source link; review required
76e82e4ee5414c5aa362fedfbe019cae_1,,http://deli.dnr.state.mn.us,,Unclassified source link; review required
76e82e4ee5414c5aa362fedfbe019cae_2,,http://deli.dnr.state.mn.us,,Unclassified source link; review required
d0a6b41ab67c4eed942f3cf2d6ccbc90,,http://deli.dnr.state.mn.us/,,Unclassified source link; review required
475040854e4940f1a294069156d4d814,,withheld,,Unclassified source link; review required
475040854e4940f1a294069156d4d814_0,,withheld,,Unclassified source link; review required
475040854e4940f1a294069156d4d814_1,,withheld,,Unclassified source link; review required
475040854e4940f1a294069156d4d814_10,,withheld,,Unclassified source link; review required
475040854e4940f1a294069156d4d814_11,,withheld,,Unclassified source link; review required
475040854e4940f1a294069156d4d814_12,,withheld,,Unclassified source link; review required
475040854e4940f1a294069156d4d814_13,,withheld,,Unclassified source link; review required
475040854e4940f1a294069156d4d814_14,,withheld,,Unclassified source link; review required
475040854e4940f1a294069156d4d814_15,,withheld,,Unclassified source link; review required
475040854e4940f1a294069156d4d814_16,,withheld,,Unclassified source link; review required
475040854e4940f1a294069156d4d814_17,,withheld,,Unclassified source link; review required
475040854e4940f1a294069156d4d814_18,,withheld,,Unclassified source link; review required
475040854e4940f1a294069156d4d814_19,,withheld,,Unclassified source link; review required
475040854e4940f1a294069156d4d814_2,,withheld,,Unclassified source link; review required
475040854e4940f1a294069156d4d814_20,,withheld,,Unclassified source link; review required
475040854e4940f1a294069156d4d814_21,,withheld,,Unclassified source link; review required
475040854e4940f1a294069156d4d814_22,,withheld,,Unclassified source link; review required
475040854e4940f1a294069156d4d814_23,,withheld,,Unclassified source link; review required
475040854e4940f1a294069156d4d814_24,,withheld,,Unclassified source link; review required
475040854e4940f1a294069156d4d814_25,,withheld,,Unclassified source link; review required
475040854e4940f1a294069156d4d814_26,,withheld,,Unclassified source link; review required
475040854e4940f1a294069156d4d814_27,,withheld,,Unclassified source link; review required
475040854e4940f1a294069156d4d814_28,,withheld,,Unclassified source link; review required
475040854e4940f1a294069156d4d814_29,,withheld,,Unclassified source link; review required
475040854e4940f1a294069156d4d814_3,,withheld,,Unclassified source link; review required
475040854e4940f1a294069156d4d814_30,,withheld,,Unclassified source link; review required
475040854e4940f1a294069156d4d814_31,,withheld,,Unclassified source link; review required
475040854e4940f1a294069156d4d814_32,,withheld,,Unclassified source link; review required
475040854e4940f1a294069156d4d814_33,,withheld,,Unclassified source link; review required
475040854e4940f1a294069156d4d814_34,,withheld,,Unclassified source link; review required
475040854e4940f1a294069156d4d814_35,,withheld,,Unclassified source link; review required
475040854e4940f1a294069156d4d814_36,,withheld,,Unclassified source link; review required
475040854e4940f1a294069156d4d814_37,,withheld,,Unclassified source link; review required
475040854e4940f1a294069156d4d814_38,,withheld,,Unclassified source link; review required
475040854e4940f1a294069156d4d814_39,,withheld,,Unclassified source link; review required
475040854e4940f1a294069156d4d814_4,,withheld,,Unclassified source link; review required
475040854e4940f1a294069156d4d814_40,,withheld,,Unclassified source link; review required
475040854e4940f1a294069156d4d814_41,,withheld,,Unclassified source link; review required
475040854e4940f1a294069156d4d814_42,,withheld,,Unclassified source link; review required
475040854e4940f1a294069156d4d814_43,,withheld,,Unclassified source link; review required
475040854e4940f1a294069156d4d814_44,,withheld,,Unclassified source link; review required
475040854e4940f1a294069156d4d814_45,,withheld,,Unclassified source link; review required
475040854e4940f1a294069156d4d814_46,,withheld,,Unclassified source link; review required
475040854e4940f1a294069156d4d814_47,,withheld,,Unclassified source link; review required
475040854e4940f1a294069156d4d814_48,,withheld,,Unclassified source link; review required
475040854e4940f1a294069156d4d814_49,,withheld,,Unclassified source link; review required
475040854e4940f1a294069156d4d814_5,,withheld,,Unclassified source link; review required
475040854e4940f1a294069156d4d814_50,,withheld,,Unclassified source link; review required
475040854e4940f1a294069156d4d814_51,,withheld,,Unclassified source link; review required
475040854e4940f1a294069156d4d814_52,,withheld,,Unclassified source link; review required
475040854e4940f1a294069156d4d814_53,,withheld,,Unclassified source link; review required
475040854e4940f1a294069156d4d814_54,,withheld,,Unclassified source link; review required
475040854e4940f1a294069156d4d814_55,,withheld,,Unclassified source link; review required
475040854e4940f1a294069156d4d814_56,,withheld,,Unclassified source link; review required
475040854e4940f1a294069156d4d814_57,,withheld,,Unclassified source link; review required
475040854e4940f1a294069156d4d814_58,,withheld,,Unclassified source link; review required
475040854e4940f1a294069156d4d814_59,,withheld,,Unclassified source link; review required
475040854e4940f1a294069156d4d814_6,,withheld,,Unclassified source link; review required
475040854e4940f1a294069156d4d814_60,,withheld,,Unclassified source link; review required
475040854e4940f1a294069156d4d814_61,,withheld,,Unclassified source link; review required
475040854e4940f1a294069156d4d814_62,,withheld,,Unclassified source link; review required
475040854e4940f1a294069156d4d814_63,,withheld,,Unclassified source link; review required
475040854e4940f1a294069156d4d814_64,,withheld,,Unclassified source link; review required
475040854e4940f1a294069156d4d814_65,,withheld,,Unclassified source link; review required
475040854e4940f1a294069156d4d814_66,,withheld,,Unclassified source link; review required
475040854e4940f1a294069156d4d814_67,,withheld,,Unclassified source link; review required
475040854e4940f1a294069156d4d814_68,,withheld,,Unclassified source link; review required
475040854e4940f1a294069156d4d814_69,,withheld,,Unclassified source link; review required
475040854e4940f1a294069156d4d814_7,,withheld,,Unclassified source link; review required
475040854e4940f1a294069156d4d814_70,,withheld,,Unclassified source link; review required
475040854e4940f1a294069156d4d814_71,,withheld,,Unclassified source link; review required
475040854e4940f1a294069156d4d814_72,,withheld,,Unclassified source link; review required
475040854e4940f1a294069156d4d814_73,,withheld,,Unclassified source link; review required
475040854e4940f1a294069156d4d814_74,,withheld,,Unclassified source link; review required
475040854e4940f1a294069156d4d814_75,,withheld,,Unclassified source link; review required
475040854e4940f1a294069156d4d814_76,,withheld,,Unclassified source link; review required
475040854e4940f1a294069156d4d814_77,,withheld,,Unclassified source link; review required
475040854e4940f1a294069156d4d814_78,,withheld,,Unclassified source link; review required
475040854e4940f1a294069156d4d814_79,,withheld,,Unclassified source link; review required
475040854e4940f1a294069156d4d814_8,,withheld,,Unclassified source link; review required
475040854e4940f1a294069156d4d814_9,,withheld,,Unclassified source link; review required
3e3cd8fea2b14f248913e44c83e24f2d,Second Generation Lidar Homepage,https://www.mngeo.state.mn.us/chouse/elevation/lidar_gen2.html,,Unclassified source link; review required
3e3cd8fea2b14f248913e44c83e24f2d,STAC Browser,https://stacbrowser.gis.data.mn.gov/?.language=en,,Unclassified source link; review required
198169ca920c4cd0bd51a3a1f81883a7,Second Generation Lidar Homepage,https://www.mngeo.state.mn.us/chouse/elevation/lidar_gen2.html,,Unclassified source link; review required
198169ca920c4cd0bd51a3a1f81883a7,STAC Browser,https://stacbrowser.gis.data.mn.gov/?.language=en,,Unclassified source link; review required
78396485950d42ea99bd7e1f4e26a1b8,Second Generation Lidar Homepage,https://www.mngeo.state.mn.us/chouse/elevation/lidar_gen2.html,,Unclassified source link; review required
78396485950d42ea99bd7e1f4e26a1b8,STAC Browser,https://stacbrowser.gis.data.mn.gov/?.language=en,,Unclassified source link; review required
61d67f7b8fd94fd68b06679a45dfb145,Second Generation Lidar Homepage,https://www.mngeo.state.mn.us/chouse/elevation/lidar_gen2.html,,Unclassified source link; review required
61d67f7b8fd94fd68b06679a45dfb145,STAC Browser,https://stacbrowser.gis.data.mn.gov/?.language=en,,Unclassified source link; review required
9529e8e3843941809e4b3c31e9a97f5d,Second Generation Lidar Homepage,https://www.mngeo.state.mn.us/chouse/elevation/lidar_gen2.html,,Unclassified source link; review required
9529e8e3843941809e4b3c31e9a97f5d,STAC Browser,https://stacbrowser.gis.data.mn.gov/?.language=en,,Unclassified source link; review required
ae5acd1baae3433390320d7cf1b7d038_0,,https://gis.data.mn.gov/datasets/minnesota::mpca-feedlot-program-vulnerable-groundwater-areas/about,,Unclassified source link; review required
220692cbd6ba43d299fa60a0f8ef5df5,,https://gis.data.mn.gov/datasets/minnesota::assessed-waters-minnesota-draft-2026/about,,Unclassified source link; review required
220692cbd6ba43d299fa60a0f8ef5df5_0,,https://gis.data.mn.gov/datasets/minnesota::assessed-waters-minnesota-draft-2026/about,,Unclassified source link; review required
220692cbd6ba43d299fa60a0f8ef5df5_1,,https://gis.data.mn.gov/datasets/minnesota::assessed-waters-minnesota-draft-2026/about,,Unclassified source link; review required
220692cbd6ba43d299fa60a0f8ef5df5_2,,https://gis.data.mn.gov/datasets/minnesota::assessed-waters-minnesota-draft-2026/about,,Unclassified source link; review required
220692cbd6ba43d299fa60a0f8ef5df5_3,,https://gis.data.mn.gov/datasets/minnesota::assessed-waters-minnesota-draft-2026/about,,Unclassified source link; review required
220692cbd6ba43d299fa60a0f8ef5df5_4,,https://gis.data.mn.gov/datasets/minnesota::assessed-waters-minnesota-draft-2026/about,,Unclassified source link; review required
220692cbd6ba43d299fa60a0f8ef5df5_5,,https://gis.data.mn.gov/datasets/minnesota::assessed-waters-minnesota-draft-2026/about,,Unclassified source link; review required
69148d3959194a05a23964cc60f6517b,,https://gis.data.mn.gov/maps/69148d3959194a05a23964cc60f6517b/about,,Unclassified source link; review required
69148d3959194a05a23964cc60f6517b_0,,https://gis.data.mn.gov/maps/69148d3959194a05a23964cc60f6517b/about,,Unclassified source link; review required
69148d3959194a05a23964cc60f6517b_1,,https://gis.data.mn.gov/maps/69148d3959194a05a23964cc60f6517b/about,,Unclassified source link; review required
73308a41e24348efaa2dc9e448606d39,,withheld,,Unclassified source link; review required
73308a41e24348efaa2dc9e448606d39_0,,withheld,,Unclassified source link; review required
44af90e9c3944e7b8a81fe1df92e770b_0,,http://bwsr.state.mn.us/planning/1W1P/1W1P_Planning_Areas.zip,,Unclassified source link; review required
73308a41e24348efaa2dc9e448606d39_1,,withheld,,Unclassified source link; review required
f2c02d79135d4de9baaf3b77639d85fd,,withheld,,Unclassified source link; review required
f2c02d79135d4de9baaf3b77639d85fd_0,,withheld,,Unclassified source link; review required
f2c02d79135d4de9baaf3b77639d85fd_1,,withheld,,Unclassified source link; review required
f2c02d79135d4de9baaf3b77639d85fd_2,,withheld,,Unclassified source link; review required
73308a41e24348efaa2dc9e448606d39_2,,withheld,,Unclassified source link; review required
73308a41e24348efaa2dc9e448606d39_3,,withheld,,Unclassified source link; review required
73308a41e24348efaa2dc9e448606d39_4,,withheld,,Unclassified source link; review required
9cd4a064c78e46b9a80d4964d3f96b12_0,,https://gis.data.mn.gov/datasets/minnesota::public-safety-answering-points-in-the-metropolitan-emergency-services-board-10-county-region-minnesota/about,,Unclassified source link; review required
935a958babea40bdaf582860e4080d87_0,,https://gis.data.mn.gov/datasets/minnesota::law-enforcement-agencies-in-the-metropolitan-emergency-services-board-10-county-region-minnesota/about,,Unclassified source link; review required
747e10f7146845d2a9cd4579faa37757_0,,https://gis.data.mn.gov/datasets/minnesota::emergency-service-zones-in-the-metropolitan-emergency-services-board-10-county-region-minnesota/about,,Unclassified source link; review required
cda5d34d8d134b899e3b6aef69dddc23_0,,https://gis.data.mn.gov/datasets/minnesota::emergency-medical-service-ems-agencies-in-the-metropolitan-emergency-services-board-10-county-region-minnesota/about,,Unclassified source link; review required
73308a41e24348efaa2dc9e448606d39_5,,withheld,,Unclassified source link; review required
73308a41e24348efaa2dc9e448606d39_6,,withheld,,Unclassified source link; review required
73308a41e24348efaa2dc9e448606d39_7,,withheld,,Unclassified source link; review required
73308a41e24348efaa2dc9e448606d39_8,,withheld,,Unclassified source link; review required
9d62ddd9d50c45cbb727648a246c0f7b,,https://gis.data.mn.gov/datasets/minnesota::impaired-waters-minnesota-draft-2026/about,,Unclassified source link; review required
9d62ddd9d50c45cbb727648a246c0f7b_0,,https://gis.data.mn.gov/datasets/minnesota::impaired-waters-minnesota-draft-2026/about,,Unclassified source link; review required
9d62ddd9d50c45cbb727648a246c0f7b_1,,https://gis.data.mn.gov/datasets/minnesota::impaired-waters-minnesota-draft-2026/about,,Unclassified source link; review required
9d62ddd9d50c45cbb727648a246c0f7b_10,,https://gis.data.mn.gov/datasets/minnesota::impaired-waters-minnesota-draft-2026/about,,Unclassified source link; review required
9d62ddd9d50c45cbb727648a246c0f7b_11,,https://gis.data.mn.gov/datasets/minnesota::impaired-waters-minnesota-draft-2026/about,,Unclassified source link; review required
9d62ddd9d50c45cbb727648a246c0f7b_12,,https://gis.data.mn.gov/datasets/minnesota::impaired-waters-minnesota-draft-2026/about,,Unclassified source link; review required
9d62ddd9d50c45cbb727648a246c0f7b_13,,https://gis.data.mn.gov/datasets/minnesota::impaired-waters-minnesota-draft-2026/about,,Unclassified source link; review required
9d62ddd9d50c45cbb727648a246c0f7b_14,,https://gis.data.mn.gov/datasets/minnesota::impaired-waters-minnesota-draft-2026/about,,Unclassified source link; review required
9d62ddd9d50c45cbb727648a246c0f7b_15,,https://gis.data.mn.gov/datasets/minnesota::impaired-waters-minnesota-draft-2026/about,,Unclassified source link; review required
9d62ddd9d50c45cbb727648a246c0f7b_16,,https://gis.data.mn.gov/datasets/minnesota::impaired-waters-minnesota-draft-2026/about,,Unclassified source link; review required
9d62ddd9d50c45cbb727648a246c0f7b_2,,https://gis.data.mn.gov/datasets/minnesota::impaired-waters-minnesota-draft-2026/about,,Unclassified source link; review required
9d62ddd9d50c45cbb727648a246c0f7b_3,,https://gis.data.mn.gov/datasets/minnesota::impaired-waters-minnesota-draft-2026/about,,Unclassified source link; review required
9d62ddd9d50c45cbb727648a246c0f7b_4,,https://gis.data.mn.gov/datasets/minnesota::impaired-waters-minnesota-draft-2026/about,,Unclassified source link; review required
9d62ddd9d50c45cbb727648a246c0f7b_5,,https://gis.data.mn.gov/datasets/minnesota::impaired-waters-minnesota-draft-2026/about,,Unclassified source link; review required
9d62ddd9d50c45cbb727648a246c0f7b_6,,https://gis.data.mn.gov/datasets/minnesota::impaired-waters-minnesota-draft-2026/about,,Unclassified source link; review required
9d62ddd9d50c45cbb727648a246c0f7b_7,,https://gis.data.mn.gov/datasets/minnesota::impaired-waters-minnesota-draft-2026/about,,Unclassified source link; review required
9d62ddd9d50c45cbb727648a246c0f7b_8,,https://gis.data.mn.gov/datasets/minnesota::impaired-waters-minnesota-draft-2026/about,,Unclassified source link; review required
9d62ddd9d50c45cbb727648a246c0f7b_9,,https://gis.data.mn.gov/datasets/minnesota::impaired-waters-minnesota-draft-2026/about,,Unclassified source link; review required
1466758c531b4734bd21f8945f46fbe7,,https://gis.data.mn.gov/maps/minnesota::waterbodies-on-mpca-wild-rice-inventory/about,,Unclassified source link; review required
1466758c531b4734bd21f8945f46fbe7_0,,https://gis.data.mn.gov/maps/minnesota::waterbodies-on-mpca-wild-rice-inventory/about,,Unclassified source link; review required
1466758c531b4734bd21f8945f46fbe7_1,,https://gis.data.mn.gov/maps/minnesota::waterbodies-on-mpca-wild-rice-inventory/about,,Unclassified source link; review required
5805c0b285814e1c8d58159015a639ed_0,FCC Universal Licensing System,https://www.fcc.gov/wireless/universal-licensing-system,,Unclassified source link; review required
5805c0b285814e1c8d58159015a639ed_0,Download FCC Datasets,https://www.fcc.gov/general/download-fcc-datasets,,Unclassified source link; review required
5805c0b285814e1c8d58159015a639ed_0,Antenna Structure Registration Search,https://wireless2.fcc.gov/UlsApp/AsrSearch/asrRegistrationSearch.jsp,,Unclassified source link; review required
b30e1b9916ea4a739670330d91f02a5d_0,,withheld,,Unclassified source link; review required
79da3cf3b65d456f8ea1d8b33698f607,,withheld,,Unclassified source link; review required
79da3cf3b65d456f8ea1d8b33698f607_0,,withheld,,Unclassified source link; review required
79da3cf3b65d456f8ea1d8b33698f607_1,,withheld,,Unclassified source link; review required
79da3cf3b65d456f8ea1d8b33698f607_2,,withheld,,Unclassified source link; review required
e941c1ac31a944c488b261b6a419739f_0,,withheld,,Unclassified source link; review required
a6e3b14752ff4a6fa91a6b44c385ff6e_0,,withheld,,Unclassified source link; review required
2f3d810557004199bbaa1ba7387959b5_0,,withheld,,Unclassified source link; review required
670159c260b2479c8fc641dc7915b844,,http://deli.dnr.state.mn.us/,,Unclassified source link; review required
670159c260b2479c8fc641dc7915b844_0,,http://deli.dnr.state.mn.us/,,Unclassified source link; review required
670159c260b2479c8fc641dc7915b844_1,,http://deli.dnr.state.mn.us/,,Unclassified source link; review required
670159c260b2479c8fc641dc7915b844_2,,http://deli.dnr.state.mn.us/,,Unclassified source link; review required
